episode,d,st,et,duration_sec,ret_bps,net_xbt,flip_close,adverse_add_orders,favorable_add_orders,approx_max_leverage
2059,S,1561729382,1561958004,228622.778959,306.6675269340167,9.378101727449843,True,1,1,0.9407618286530356
2060,L,1561958004,1561994440,36435.051009,-292.6839382543224,-19.61663318779001,True,3,1,2.009603410259379
2061,S,1561994440,1561997687,3247.312188,28.19583312620282,0.9213777311600092,True,1,3,1.0274467255154842
2062,L,1561997687,1561998052,364.832035,57.228430250001225,0.00020370335,True,0,0,0.0002087918582665
2063,S,1561998052,1561998601,549.812685,19.168511050773404,0.1785856258100035,True,1,0,0.5465317776202876
2064,L,1561998601,1561998722,120.784824,-31.62703319999949,-0.0001117735199999,True,0,0,0.0002073040064189
2065,S,1561998722,1561999622,899.462175,62.695469199999344,0.0003828130799999,True,0,0,0.0003581606201711
2066,L,1561999622,1562003944,4321.784911,-36.12480218094447,-0.6320496107864298,True,0,1,1.026296602099565
2067,S,1562003944,1562011054,7110.867524,131.18160844276784,2.3093195629954124,True,1,1,1.032468459266782
2068,L,1562011054,1562011327,273.063681,138.58328571147902,0.2373633365615898,True,0,1,0.1002959538965225
2069,S,1562011327,1562011377,49.423434,3.960572004574239,0.0066635901495246,True,0,0,0.0986856276357294
2070,L,1562011377,1562014427,3050.268188,194.93724099702996,0.0010501286611469,True,0,0,0.0003159911494166
2071,S,1562014427,1562041622,27194.95154,21.9735188517678,0.3766724644188413,True,0,1,1.0058148032164989
2072,L,1562041622,1562041961,339.025923,45.029595388589954,0.8205607345399268,True,0,1,1.1342746582034928
2073,S,1562041961,1562042193,231.40612,87.57319283504252,1.4154256570599504,True,1,1,1.0062290047445053
2074,L,1562042193,1562042461,268.879966,43.339406323676656,0.7072242964601243,True,1,0,1.015528987983717
2075,S,1562042461,1562043283,822.019513,55.90048191258575,1.81080084772002,True,0,2,1.0062290047445053
2076,L,1562043283,1562043386,102.124711,60.52509539999926,0.0003421171599999,True,0,0,0.0003518279813772
2077,S,1562043386,1562046594,3208.344476,86.44892660581718,1.3933237624200243,True,1,0,1.0031890379628
2078,L,1562046594,1562051327,4733.338922,92.26821978628608,1.511930750820083,True,1,0,1.019686732049157
2079,S,1562051327,1562116505,65178.163478,-57.71107828522741,-3.6146628396616816,True,6,0,2.7995362823200347
2080,L,1562116505,1562117684,1178.632396,31.9342393132138,0.4832996306012283,True,0,0,0.9472838806646028
2081,S,1562117684,1563293940,1176256.343697,135.6108609500696,45.51166862005264,True,10,18,2.136377979033857
2082,L,1563293940,1563293963,22.742452,34.239487113773166,0.6923702054690244,True,0,0,1.1137249541550034
2083,S,1563293963,1563296649,2686.074934,152.82454736011965,4.720659838448708,True,2,1,1.1060125892673334
2084,L,1563296649,1563297153,504.167501,73.28870508866133,3.0876586140699467,True,2,1,2.3231466744625946
2085,S,1563297153,1563363181,66027.889997,218.8225156236163,10.949863554539938,True,1,3,1.1358297630210474
2086,L,1563363181,1563366299,3117.784132,48.04942020045949,1.049453126000168,True,1,0,0.9984921229052824
2087,S,1563366299,1563392542,26242.995803,-33.114170895825566,-6.462617333894867,True,13,0,3.724108060779092
2088,L,1563392542,1563392765,222.677593,12.543283850044896,9.711505758351984e-05,True,0,0,0.0003539519587288
2089,S,1563392765,1563393538,773.385544,69.70317913830617,0.0001690159774164,True,0,0,0.000110852163335
2090,L,1563393538,1563417537,23998.41651,68.16610864331248,4.222891118381257,True,3,0,1.890039433174722
2091,S,1563417537,1563498602,81065.11049,36.22233589096981,5.1614179664396085,True,9,2,5.016473392937131
2092,L,1563498602,1563527780,29178.557232,-24.165681231170986,-4.19006640799748,True,10,3,4.349264852005598
2093,S,1563527780,1563728492,200711.954856,9.33313809454576,0.1810784132390898,True,1,0,1.0940773108405786
2094,L,1563728492,1563948429,219936.792006,180.42418822829296,6.972643233680173,True,0,2,1.091055210800836
2095,S,1563948429,1564223275,274846.485966,-63.42269999841268,-6.472459527580047,True,3,3,2.181756690837183
2096,L,1564223275,1564223307,31.311991,36.37501249470596,0.7648284330632394,True,0,0,1.1723522953957932
2097,S,1564223307,1564623954,400646.908482,-104.63293666176207,-9.42824872060894,True,3,2,3.4678735926745947
2098,L,1564623954,1564729655,105701.352489,-45.72521337988552,-1.832083474074977,True,1,1,1.1903408289297814
2099,S,1564729655,1564769193,39538.520608,-4.458226922057384,-0.0847744365799201,True,0,1,1.1336483191514135
2100,L,1564769193,1564995617,226423.325862,295.01794521453576,2.821474694122648,True,0,2,0.5698608451501428
2101,S,1564995617,1565003461,7844.238942,83.18656431580999,1.4121713984574304,True,0,1,0.9856776556203336
2102,L,1565003461,1565025174,21712.987393,76.65530143635287,0.3010065357600053,True,1,0,0.2279488844716677
2103,S,1565025174,1565055264,30090.18043,50.536473648971935,1.1287680424491031,True,0,4,0.9842489301605952
2104,L,1565055264,1565081070,25806.241369,31.356738017387585,0.0887679029910298,True,0,0,0.163270618244335
2105,S,1565081070,1565157373,76302.216044,365.6965629995973,5.986187524160114,True,0,1,0.9441343632980008
2106,L,1565157373,1565234006,76633.345028,123.8198981513254,9.348129488879325,True,4,1,2.882291093192091
2107,S,1565234006,1565244725,10719.244533,1.5883151260559512,0.0265108468797262,True,0,1,0.873299466336477
2108,L,1565244725,1565308388,63662.544079,-32.459656955825096,-2.74395370203868,True,2,3,2.662921182713505
2109,S,1565308388,1565310686,2298.255318,91.069810268126,0.0003201260118859,True,0,0,0.0001839186240798
2110,L,1565310686,1565760214,449528.105296,20.056557110044626,1.3763412592259945,True,4,2,2.7824888915475943
2111,S,1565760214,1565771980,11765.763192,52.03951170979461,0.9837676906400308,True,1,0,1.002874998145113
2112,L,1565771980,1565786894,14913.609182,23.325787085071827,0.8980100499998263,True,2,0,1.0193298464154652
2113,S,1565786894,1565835191,48297.53916,191.62084905549727,4.145349353520041,True,1,1,1.0019279962582903
2114,L,1565835191,1565838172,2980.414389,-54.07141319999848,-0.0003111091199999,True,0,0,0.0002989740492375
2115,S,1565838172,1565838515,343.624853,-1.0490543999996815,-4.460479999998646e-06,True,0,0,0.000220938834245
2116,L,1565838515,1565856587,18072.183239,-67.81962032692356,-0.000392268929139,True,0,0,0.0003005502040385
2117,S,1565856587,1566159054,302466.777602,-3.1874105320626875,-0.6795062269126984,True,12,1,5.0013970954908125
2118,L,1566159054,1566184680,25626.024895,-4.642972043638448,-2.584164554194363e-05,True,0,0,0.0002857010577495
2119,S,1566184680,1566359140,174459.929522,-0.9697406524624842,-0.1278842491190595,True,7,2,3.0213268188356093
2120,L,1566359140,1566359325,185.27553,43.90949257309883,0.1900530622047963,True,0,0,0.220220920848087
2121,S,1566359325,1566361244,1918.71609,2.5877465279216416,0.0016840586752701,True,0,1,0.0331117104670787
2122,L,1566361244,1566363246,2002.102908,24.301993546725388,0.4768761830047789,True,0,0,0.9984029431863354
2123,S,1566363246,1566384289,21042.543625,61.551376858194594,3.6249720182004648,True,1,4,0.9939492739823014
2124,L,1566384289,1566384610,321.71468,34.19294789109521,0.3397480581168717,True,0,1,0.5053476566950603
2125,S,1566384610,1566395867,11256.169591,181.3469329532001,0.0007591558431372,True,0,0,0.0002129917811131
2126,L,1566395867,1566402959,7092.806093,16.811455400000295,9.748224000000172e-05,True,0,0,0.000295027370429
2127,S,1566402959,1566403577,617.739495,44.74563931612707,0.0001903878682392,True,0,0,0.0002164864279984
2128,L,1566403577,1566403863,285.492078,46.4362463241345,0.8178209190916446,True,2,0,0.897847461796972
2129,S,1566403863,1566527596,123733.408332,30.128264319817458,1.7862453100888869,True,2,1,1.0087255268165278
2130,L,1566527596,1566542561,14965.383168,87.5968865849285,1.741038487671053,True,1,0,0.9898693598359596
2131,S,1566542561,1566703697,161136.064541,248.75104135833948,4.868551909680173,True,0,1,0.974831020661904
2132,L,1566703697,1566863118,159420.929943,79.93671812799842,12.479781775120331,True,2,8,1.866360027902375
2133,S,1566863118,1566872789,9670.367863,34.43188639810683,0.6640067921598997,True,0,2,0.8835429875913774
2134,L,1566872789,1567016603,143814.162436,-61.80183564473831,-5.686539560928177,True,5,0,1.8098380732813328
2135,S,1567016603,1567063271,46667.946708,43.43886419940492,5.39168822878227,True,2,4,1.9362911134294676
2136,L,1567063271,1567067233,3961.796334,-42.84563286574448,-1.8236848908941865,True,1,1,1.969088846492135
2137,S,1567067233,1567610565,543332.684313,-24.70337449214382,-1.5299276663197834,True,3,1,0.9781899841756582
2138,L,1567610565,1567679167,68601.320483,81.2241387046057,1.5564659658400433,True,1,0,0.8909301260398399
2139,S,1567679167,1567706276,27109.433255,19.58401418552224,0.0458709819199989,True,0,1,0.1081308324217526
2140,L,1567706276,1567744492,38215.710124,51.31585538925158,0.976795952959848,True,1,0,0.8782736221542651
2141,S,1567744492,1567955915,211422.951765,137.95498793106748,7.754916417239633,True,2,1,0.9285022688161366
2142,L,1567955915,1568028097,72182.219012,-97.21282645650072,-11.351615653000694,True,8,0,3.775070348781853
2143,S,1568028097,1568184155,156058.326385,7.0480090006904845,0.5431576143202199,True,1,3,1.907136871148968
2144,L,1568184155,1568185621,1465.803804,24.888611841812168,0.5004171498732716,True,1,0,1.0043058996902112
2145,S,1568185621,1568934283,748661.720006,-32.99788841196243,-2.557375806289853,True,2,2,1.8462704534224448
2146,L,1568934283,1569223824,289541.172027,-16.098629866693784,-0.6299222200910267,True,1,1,0.9863653301815748
2147,S,1569223824,1569295234,71409.808965,59.62547921323336,2.406225523381023,True,2,1,1.0217069967244032
2148,L,1569295234,1569354300,59066.56904,-2014.368115498513,-0.0119751887142857,False,0,0,0.0002981241695253
2149,S,1569370311,1570704925,1334614.677887,33.081416187493346,19.49773943989404,True,12,21,3.893871308359092
2150,L,1570704925,1570930005,225079.992561,12.734830319769824,0.5988316770657993,True,2,1,2.1521795524587923
2151,S,1570930005,1571000691,70685.830957,110.82760201255962,2.6547443000428865,True,0,1,1.0916794542750212
2152,L,1571000691,1571328569,327877.763491,-9.930895754817126,-0.4807437287619605,True,3,1,2.206867744429164
2153,S,1571328569,1572019158,690588.771387,-88.75842673082602,-15.944042286051742,True,2,6,3.6131372279887897
2154,L,1572019158,1572019532,374.250087,88.92101278700243,2.1406292934282662,True,1,0,0.945663501403964
2155,S,1572019532,1572020638,1106.469218,71.53303478487369,1.6995477345160783,True,1,0,0.930812352775434
2156,L,1572020638,1572190856,170217.129635,118.31186097189423,2.575497853868693,True,0,1,0.8543899947940276
2157,S,1572190856,1572244516,53660.601402,85.78152343542023,7.983536253250106,True,5,1,1.932497788160456
2158,L,1572244516,1572723874,479358.227795,-35.60624790681565,-4.891394705988438,True,5,5,2.9331844036120502
2159,S,1572723874,1573618244,894369.531759,67.48552509427977,14.329095061307804,True,3,10,2.0527621988526
2160,L,1573618244,1573706710,88466.462408,48.49927328772385,1.1123934666314756,True,2,2,0.9955195750674408
2161,S,1573706710,1573790214,83503.475189,-47.17922619468172,-1.089523717679688,True,1,0,1.0071382864029006
2162,L,1573790214,1573884139,93925.586965,96.40263329151922,2.2576950165597043,True,1,0,1.02087564454457
2163,S,1573884139,1574037443,153303.557248,15.153074011616232,0.3579607803998966,True,1,0,1.0184979654607904
2164,L,1574037443,1574123859,86415.896539,-54.39102551370085,-1.2838771027196278,True,1,0,1.023360201312843
2165,S,1574123859,1574325992,202133.026785,48.63640014727351,7.472638591837205,True,2,6,2.1094297182800337
2166,L,1574325992,1574341174,15182.066503,21.281555888892377,0.5376456269049498,True,0,0,1.057600439874452
2167,S,1574341174,1574422525,81350.812841,311.40190822153664,32.34780487886852,True,0,4,2.183917234547104
2168,L,1574422525,1574437097,14571.858097,-39.98463705826837,-0.000166474202093,True,0,0,0.0001535124511494
2169,S,1574437097,1574498794,61697.754249,-41.11061888072614,-2.6301102402875065,True,3,0,2.0530492224922114
2170,L,1574498794,1574506075,7280.15635,88.31337317911832,2.478823389658176,True,0,1,1.0282454029587191
2171,S,1574506075,1574647577,141502.008184,267.33362923074446,29.562074532789264,True,3,1,2.020793045281301
2172,L,1574647577,1574684525,36947.979492,43.05122472501851,1.3137292654226358,True,1,0,1.0109900468895052
2173,S,1574684525,1574685869,1344.386719,-118.95338437628628,-8.95742750415156,True,3,0,2.438674215310268
2174,L,1574685869,1574687421,1551.889094,280.2539482937886,0.0021428266489011,True,0,0,0.0002533146991547
2175,S,1574687421,1574723694,36273.585778,130.81452209072293,1.596829659231125,True,0,0,0.4044154363374945
2176,L,1574723694,1574854865,131170.368929,38.68197361281823,5.022673788270367,True,5,2,0.9256882191112163
2177,S,1574854865,1575213633,358768.131429,73.45262100768821,22.9758180793016,True,16,1,2.639742824110558
2178,L,1575213633,1575466086,252452.816714,63.199284413374414,7.994191184549698,True,7,0,0.8962152185005352
2179,S,1575466086,1575555168,89082.42581,3.74324607741618,1.0270556087125298,True,1,15,1.5756544910857655
2180,L,1575555168,1575621404,66235.598432,-36.64914338906627,-1.592249860513142,True,2,0,1.0232628806093664
2181,S,1575621404,1576682754,1061349.983626,48.05859933020545,44.47773844077099,True,7,35,3.056520565133185
2182,L,1576682754,1576682788,34.696786,1.481883713405867,0.0005340610454551,True,0,0,0.0096216006594888
2183,S,1576682788,1576717374,34585.503703,-15.5601768634528,-0.7781295421920575,True,1,1,1.0047247808239077
2184,L,1576717374,1577197941,480567.04307,10.877361222193626,3.268385218041848,True,14,2,1.900637736856743
2185,S,1577197941,1577215605,17663.711678,157.61825865742713,5.329654361960313,True,1,0,0.8998546264530983
2186,L,1577215605,1577319290,103685.70316,-17.462215818758782,-0.6076979398197289,True,1,2,0.926618183293878
2187,S,1577319290,1577464990,145699.31563,-0.7478054933111153,-0.0259912558800062,True,0,1,0.913624406738384
2188,L,1577464990,1577937358,472368.001893,-15.298125495599002,-2.1165511456002437,True,2,2,0.916182308096413
2189,S,1577937358,1578012512,75153.880502,125.51353775324336,11.585497290800552,True,2,3,1.4891802193564307
2190,L,1578012512,1578041109,28597.49386,-18.615894842662605,-0.6757333983605668,True,1,0,0.9334563183466482
2191,S,1578041109,1578041185,76.263695,-1.1322409389600077,-0.0389077962334819,True,0,0,0.8837314194325794
2192,L,1578041185,1578045185,3999.367136,61.20660034498567,0.0006768928016144,True,0,0,0.0002844167727136
2193,S,1578045185,1578047791,2606.187421,-6.735479639603335,-0.2300922346735096,True,1,0,0.8775693178739644
2194,L,1578047791,1578226725,178933.665777,100.75763563383806,17.261056795944107,True,3,5,1.7763757399004398
2195,S,1578226725,1578358604,131879.674075,-109.82309882525595,-10.772649793133494,True,5,1,0.9899394224500704
2196,L,1578358604,1578359294,690.259072,49.79091911039946,0.950084219407806,True,0,0,0.4817136702866332
2197,S,1578359294,1578361226,1931.516654,8.411722067181257,2.08828058919256e-05,True,0,0,6.26730667894268e-05
2198,L,1578361226,1578363285,2058.753155,11.828326900000029,0.00012061608,True,0,0,0.0002574298483405
2199,S,1578363285,1578404119,40834.127212,84.53588315000178,0.00020958868,True,0,0,6.258982509677119e-05
2200,L,1578404119,1578423011,18891.761849,63.00586843182588,3.639841743150386,True,2,1,1.4647830943128737
2201,S,1578423011,1578513019,90008.222127,115.27430800490212,22.080765702327447,True,6,9,1.812124872966056
2202,L,1578513019,1578516846,3826.88211,72.99611968578161,4.136196874764533,True,2,1,1.5018164144524342
2203,S,1578516846,1578518072,1225.986052,70.6438974411593,1.3318034249963695,True,1,1,0.4959632503963094
2204,L,1578518072,1578518743,671.6673,50.42842770000089,0.00025805592,True,0,0,0.0001347862096241
2205,S,1578518743,1578586317,67573.679968,63.05357079374561,5.891974390700259,True,6,2,1.9631402776253937
2206,L,1578586317,1578660556,74238.924547,22.108117017564936,3.322066336363169,True,5,4,1.8619553308975176
2207,S,1578660556,1578664956,4399.90617,27.92397037922156,2.122251562688495,True,3,2,1.817290321809536
2208,L,1578664956,1578667044,2088.322356,35.07663308676898,0.670238401949973,True,1,0,0.4586056374824827
2209,S,1578667044,1578675516,8471.833848,30.08737992042045,3.722270695950126,True,10,1,2.3559370999426696
2210,L,1578675516,1578974584,299067.51594,90.267448951961,6.975931514849474,True,2,3,0.890122484889752
2211,S,1578974584,1579005961,31377.028878,106.30149595835135,0.0008010335287474,True,0,0,0.0001883603886003
2212,L,1579005961,1579018268,12307.193175,63.39833427926943,0.909996571421211,True,0,1,0.3577973889802009
2213,S,1579018268,1579025496,7228.175769,-236.5589360805104,-0.0017685368156699,True,0,0,0.0001868757747
2214,L,1579025496,1579025534,38.468999,-1.7544061617928546,-7.058984330006385e-06,True,0,0,0.0001005750676148
2215,S,1579025534,1579027034,1499.73743,108.59102365000015,0.00079281465,True,0,0,0.0001824971131614
2216,L,1579027034,1579141278,114243.725878,13.680579509604073,0.3509262797010315,True,2,0,0.3869785780243525
2217,S,1579141278,1579231965,90687.514632,49.00859689845188,1.0415744130489797,True,1,1,0.4302346221135228
2218,L,1579231965,1579241750,9784.199921,68.24746247666542,1.167676008300015,True,4,0,0.4808494878150258
2219,S,1579241750,1579848689,606939.676712,97.7454829222842,55.38241837411332,True,13,30,1.8611580146179736
2220,L,1579848689,1579868058,19369.002737,-27.47433604402727,-0.9895928103290208,True,0,1,0.8460608289545295
2221,S,1579868058,1580193434,325375.898939,-196.43721167736,-13.830221562619572,True,4,0,0.8366451330237089
2222,L,1580193434,1580309019,115584.451515,230.01138995027435,19.11306252558966,True,2,3,1.213143900798248
2223,S,1580309019,1580990223,681204.460522,23.635355394150107,9.096092387694974,True,17,14,1.8591762720691187
2224,L,1580990223,1580990820,596.695707,31.15239494439838,0.9646009137433682,True,2,0,0.695668280272465
2225,S,1580990820,1581318884,328063.88252,0.1031901188374062,0.0354103897692736,True,15,7,1.717571896791945
2226,L,1581318884,1581434201,115317.447901,-1.3149879137764455,-0.2204451634279888,True,12,1,1.3921457529450956
2227,S,1581434201,1581435604,1403.167252,-60.554888365323,-0.9155752726800288,True,0,1,0.3402795598728268
2228,L,1581435604,1581514314,78709.491718,78.52011618336105,8.04403381649969,True,1,6,0.9876658973803432
2229,S,1581514314,1581782786,268471.892337,19.95885012261013,6.139804854221999,True,13,13,1.302064308366249
2230,L,1581782786,1581783454,668.284251,18.07507199999962,7.923071999999833e-05,True,0,0,0.0001089835714299
2231,S,1581783454,1581784185,730.724835,61.30787199999887,0.0003422941499999,True,0,0,0.0001388131802146
2232,L,1581784185,1581784291,106.680865,-62.90453550000103,-0.00027691242,True,0,0,0.0001094480288664
2233,S,1581784291,1582003268,218977.040424,-7.390748549344082,-4.415865145716673,True,6,32,3.046799369103362
2234,L,1582003268,1582016760,13491.352785,-67.93126349999974,-0.0005263892699999,True,0,0,0.0001955220305906
2235,S,1582016760,1583766659,1749899.172798,40.95192836298276,40.90511896687543,True,6,60,3.398930469194977
2236,L,1583766659,1583786186,19526.675043,103.05516019934336,7.975953120678969,True,1,3,0.9322982009368086
2237,S,1583786186,1583953522,167336.209237,119.76989810117408,18.71003966663964,True,6,4,1.8031341359240225
2238,L,1583953522,1584010092,56570.425531,14.969702991372111,0.6151095260409334,False,2,2,0.8920067828415659
2239,S,1584010554,1584010666,111.996329,281.2012220179515,0.1404313695327612,True,0,0,0.0122683798811002
2240,L,1584010666,1584011147,481.522154,-187.4323865496437,-17.82918435394351,True,3,0,2.358857458629832
2241,S,1584011147,1584012468,1320.587327,169.20851873924622,0.5283211647163225,True,0,0,0.0767036574599968
2242,L,1584012468,1584013874,1405.997286,-375.48003058879056,-18.64309559724225,True,2,0,1.2269180319672344
2243,S,1584013874,1584013891,17.736311,69.61371653227505,0.309119096935854,False,0,1,0.1093697471078561
2244,S,1584015573,1584015969,395.806499,140.19283466718872,3.39669832000001,False,0,0,0.5953068742735838
2245,L,1584016432,1584016662,229.544733,-131.55885749480078,-0.1139211999999978,False,0,0,0.0212728043234337
2246,L,1584017503,1584018107,603.908131,164.1717647049993,4.249484849999981,False,0,0,0.635884305738306
2247,S,1584023703,1584045957,22254.104667,136.36522673029046,18.0701187634698,True,6,1,1.8110165939376284
2248,L,1584045957,1584050752,4794.654532,115.27469872890774,7.181358819063906,True,3,0,1.3034390956344295
2249,S,1584050752,1584055593,4841.426478,236.59470743493367,30.63992904911958,True,3,3,1.2483161311152815
2250,L,1584055593,1584059508,3914.571781,21.3807130299803,3.314465283526283,True,7,2,2.1933571762557498
2251,S,1584059508,1584060511,1003.592258,345.77806218687,8.847705430020012,True,4,0,0.4037734745225924
2252,L,1584060511,1584061327,816.067244,481.2645405174719,0.0053245817551777,True,0,0,0.0001748965586361
2253,S,1584061327,1584064865,3537.435241,1162.719525305569,61.323636623856856,True,4,3,0.8336669910976802
2254,L,1584064865,1584069223,4358.430802,1910.2104261748304,0.023212683659846,True,0,0,0.0001920984100361
2255,S,1584069223,1584071276,2052.51599,274.2720859112068,12.219368512599162,True,7,3,0.6862487918957506
2256,L,1584071276,1584076078,4802.031584,-25.31051972462964,-2.214484687371765,True,11,3,0.7690448112614832
2257,S,1584076078,1584077506,1428.005931,-217.5770356381926,-18.00658629059903,True,12,1,1.0080940783145855
2258,L,1584077506,1584078098,592.309775,98.67098630720224,1.245594685847795,True,2,0,0.2003993291781701
2259,S,1584078098,1584113613,35515.199215,-380.9877182359116,-61.03760672954939,True,12,4,1.2467595911561664
2260,L,1584113613,1584113671,58.128384,182.24359600670223,1.8280093937360629,True,0,0,0.1585644317278025
2261,S,1584113671,1584310039,196367.466644,-100.12842388442158,-29.632315232516383,True,24,7,1.311758269545476
2262,L,1584310039,1584310174,134.895488,83.29537262194981,1.4676307071217456,True,0,0,0.2975977257654355
2263,S,1584310174,1584310659,485.379434,420.24882822473614,0.0006465366588072,True,0,0,2.5984857340043567e-05
2264,L,1584310659,1584311271,611.870404,0.5062457278274168,0.0092079057300284,True,0,0,0.3070667443125175
2265,S,1584311271,1584353076,41805.165454,264.8602904251708,46.90035783261983,True,3,9,0.936898897039165
2266,L,1584353076,1584358094,5017.721947,59.211481782131614,1.309169792168535,True,0,0,0.3870438264058723
2267,S,1584358094,1584626480,268385.79706,-35.71137255346013,-20.268812900518885,True,31,5,1.468504011409896
2268,L,1584626480,1584633070,6590.73393,198.2275710324989,3.410500743459968,True,1,0,0.2989090943022315
2269,S,1584633070,1584641324,8253.724837,-18.181207742576557,-1.1689098116794712,True,2,2,0.8340693349159314
2270,L,1584641324,1584641706,382.171054,61.259773833398334,0.9909204484064098,True,0,1,0.2801218990116803
2271,S,1584641706,1584644491,2784.86047,53.30254178529472,0.8519280527747138,True,0,1,0.2776768608589631
2272,L,1584644491,1584644873,382.003886,68.01612344803132,1.1101780849662797,True,0,1,0.283549165312802
2273,S,1584644873,1584729666,84792.788796,-130.77364800360746,-28.77239507066848,True,15,2,2.1838261386654163
2274,L,1584729666,1584738263,8597.459993,-484.2994611715976,-23.656777831948187,True,3,0,0.9976334730823024
2275,S,1584738263,1584779254,40991.038968,-34.482236745615246,-2.928638082507538,True,9,0,0.9638887983903576
2276,L,1584779254,1584802879,23624.067762,104.55239962370902,1.773223706514092,True,1,0,0.3400384216017389
2277,S,1584802879,1584813443,10564.168032,131.30371038538456,8.4449613686597,True,5,0,0.9657094914846536
2278,L,1584813443,1584819151,5707.911368,238.2558503415733,6.4346276215684055,True,2,2,0.5413288254090719
2279,S,1584819151,1584907321,88170.790545,282.7518790153955,58.80295752084553,True,12,4,2.255724832276057
2280,L,1584907321,1584911692,4370.609586,155.72671165119309,2.6623167439072204,True,0,0,0.3255947067956048
2281,S,1584911692,1584912149,456.807262,60.29478411432159,0.4409568129400847,True,0,0,0.1395057190506186
2282,L,1584912149,1584912904,755.379862,58.34869955892708,0.976760429114526,True,0,1,0.3192026887327119
2283,S,1584912904,1584914746,1841.546304,24.089915563279902,2.385741064925541,True,8,0,1.8843020161292976
2284,L,1584914746,1584969979,55233.153755,218.45508657556297,24.818904296769524,True,8,0,0.9756274340371784
2285,S,1584969979,1585591039,621060.495474,186.3546654866276,65.50012330415208,True,19,11,2.232942635587684
2286,L,1585591039,1585615273,24234.035714,159.32721475000136,0.00171669905,True,0,0,0.0001752460729278
2287,S,1585615273,1587033476,1418202.72706,-91.63246460371931,-80.62887728635529,True,39,10,2.3206736317912267
2288,L,1587033476,1587378729,345252.569236,143.56323854418343,6.187542954780129,True,1,3,0.8183386837304107
2289,S,1587378729,1587491739,113010.753747,199.5073283406275,17.06322018959171,True,0,2,1.6052933177467088
2290,L,1587491739,1587577917,86177.238619,-0.8215019739618976,-0.0024924185550074,True,0,0,0.0557485648345582
2291,S,1587577917,1587849569,271652.746217,-29.8217525565275,-4.897656632797373,True,1,1,1.538137406489472
2292,L,1587849569,1587913838,64268.802155,4.077557912700333,0.3223733712213454,True,1,3,1.4432576488980633
2293,S,1587913838,1587926751,12912.813581,-121.030713565929,-6.439308038412237,True,4,0,0.9748933546697052
2294,L,1587926751,1588074792,148040.740762,54.94443691053683,8.606760476193257,True,5,5,1.4267141890660864
2295,S,1588074792,1588142361,67569.527132,-55.69033661829893,-2.8743038944798216,True,2,3,0.8579390682834365
2296,L,1588142361,1588165809,23447.76877,213.25495980525395,16.106012382438927,True,3,2,1.3478708670680783
2297,S,1588165809,1588249524,83714.495392,11.859996900204026,3.124745082050198,True,14,1,1.5979247304652069
2298,L,1588249524,1588274717,25193.705087,39.112754679670026,3.5920056496384167,True,5,0,1.661764896890806
2299,S,1588274717,1588286832,12114.450272,38.5970333971357,2.6250411303906915,True,2,0,1.2004438321247597
2300,L,1588286832,1588771356,484523.888078,127.5272204039612,43.02706509987432,True,6,10,1.6313817250748812
2301,S,1588771356,1588871131,99775.711684,-76.1187144475827,-13.27996121029493,True,6,2,1.3557594236364068
2302,L,1588871131,1589020428,149297.012596,-70.213471764374,-0.0006927410045454,True,0,0,0.0001795090229151
2303,S,1589020428,1589069963,49534.432214,614.9495577659594,25.46276610722614,True,2,0,0.3755117408599592
2304,L,1589069963,1589075291,5328.456686,157.91764330277255,7.441172860585036,True,1,0,0.7904739526289903
2305,S,1589075291,1589080462,5170.229772,136.34379748215497,0.0011397551070682,True,0,0,0.0001396171379512
2306,L,1589080462,1589097958,17496.727446,126.59710971916994,8.984271008881644,True,0,3,0.792077937341182
2307,S,1589097958,1589110959,13000.876381,86.1477201622517,5.858981708580259,True,1,2,0.3757558820018933
2308,L,1589110959,1589220254,109294.670746,-110.1250258402723,-17.42618408317525,True,2,6,1.4922568609666975
2309,S,1589220254,1589233467,13213.192705,-137.7430815428955,-9.989956718840007,True,0,4,1.334807887478024
2310,L,1589233467,1589414541,181073.625929,183.72713725727172,2.939850850417141,True,0,0,0.2917332517489167
2311,S,1589414541,1589875787,461246.243407,-119.70151733276458,-28.23104974739027,True,7,2,2.4944237133016096
2312,L,1589875787,1589903392,27605.129252,-44.110348149999815,-0.0002279099099999,True,0,0,0.0001044108934912
2313,S,1589903392,1591059582,1156189.536791,113.59666223180189,42.67401467497147,True,2,25,2.3218943542912527
2314,L,1591059582,1591109424,49842.48909,-774.7489144115385,-45.95498311549377,True,2,2,1.1039602782552085
2315,S,1591109424,1591878523,769099.455738,-33.793170928534394,-9.9093710474928,True,6,5,2.032557986922856
2316,L,1591878523,1591880073,1549.728504,-15.93611171048392,-0.0095517324037626,True,0,0,0.0124445449979663
2317,S,1591880073,1591893731,13658.132527,128.64654552090508,5.9723832665802,True,0,1,0.9642770958421524
2318,L,1591893731,1591894848,1116.244322,-227.22122098339528,-9.51522317741614,True,2,1,0.8656182759707559
2319,S,1591894848,1591894945,97.865973,-37.5357013621064,-0.2793225256220776,True,0,0,0.1545227703653288
2320,L,1591894945,1591895030,84.874807,31.89858897433908,0.182386610825664,True,0,0,0.118713667316308
2321,S,1591895030,1592238735,343704.931955,150.65984745134824,39.28959536077852,True,16,0,2.6137916481493906
2322,L,1592238735,1592848301,609565.266652,40.85622411393901,5.240976556817035,True,2,3,1.2364847345661474
2323,S,1592848301,1593298527,450226.088008,259.6254342857869,59.42130026232153,True,1,11,2.2134331373824985
2324,L,1593298527,1593354217,55690.472283,19.8704354481788,0.6651582135802885,True,1,0,0.5832983165538939
2325,S,1593354217,1593373620,19403.15518,-7.698135199999162,-7.72847599999916e-05,True,0,0,0.0001718369953172
2326,L,1593373620,1593554330,180710.102443,138.309939786173,0.7336084301299426,True,2,0,0.0909142846469378
2327,S,1593554330,1594016648,462317.180815,-26.54124805910428,-10.160129402026486,True,6,5,3.792578316660512
2328,L,1594016648,1594704474,687826.454601,-84.88190262370547,-8.164711522538077,True,0,3,1.110563649033694
2329,S,1594704474,1595317112,612638.275015,-128.76411045000134,-0.00059743518,True,0,0,8.195060654576878e-05
2330,L,1595317112,1595870410,553297.535114,85.32609242931593,16.285575836167514,True,1,11,1.3953547004638238
2331,S,1595870410,1595926457,56047.408938,22.291392114790824,2.149242406834808,True,3,1,1.1850868486416537
2332,L,1595926457,1595933033,6576.008543,10.047567543602971,0.983355958665868,True,3,1,1.6854587129440493
2333,S,1595933033,1596140386,207352.950946,20.49163256890116,9.668944729036308,True,20,0,3.0162281600077274
2334,L,1596140386,1596268772,128386.165878,353.771076362218,28.806994410359287,True,3,0,1.3637122653558045
2335,S,1596268772,1596343132,74360.069871,-15.603379292544602,-1.0493166688321698,True,3,2,1.0622458582012957
2336,L,1596343132,1596346552,3419.9587,123.80074375975514,9.92117553237092,True,0,0,1.347870746305511
2337,S,1596346552,1596456781,110228.787164,193.9035909837146,34.56624142285969,True,2,10,2.292297787566052
2338,L,1596456781,1596640385,183604.011448,213.94919481557187,35.1702632404898,True,4,2,2.0138590059657533
2339,S,1596640385,1596820372,179986.382548,92.98632758681998,30.802600660653685,True,12,3,2.0593417386936186
2340,L,1596820372,1597164715,344343.142317,-248.64121690550252,-38.2319806003526,True,2,5,1.5774545533410471
2341,S,1597164715,1597178105,13390.500022,209.55012577346525,0.0005235538340092,True,0,0,3.788073300576649e-05
2342,L,1597178105,1597190289,12184.046196,115.38203817854536,10.335864520419186,True,1,3,1.2145896107868632
2343,S,1597190289,1597198998,8709.103336,76.04172583761192,4.001501400349498,True,1,1,0.7980167062032221
2344,L,1597198998,1597225619,26620.288609,151.82448253439514,9.449062600446624,True,2,2,0.9592359278930614
2345,S,1597225619,1597352525,126906.598061,55.85483143518773,10.162853220219803,True,5,2,2.783181619172644
2346,L,1597352525,1597356992,4467.201742,51.86412104999962,4.380452999999968e-05,True,0,0,1.2798415815195664e-05
2347,S,1597356992,1597691746,334753.754666,-445.4122236000005,-0.00340069836,True,0,0,0.0001156938288152
2348,L,1597691746,1597693010,1263.978953,4.748012499997343,3.811499999997868e-06,True,0,0,1.216435218197459e-05
2349,S,1597693010,1597715284,22273.489515,-22.80806436509593,-1.659875653380141,True,1,0,1.1035002327160306
2350,L,1597715284,1597773254,57970.379383,-190.6644250864612,-11.583082762810529,True,1,1,0.926127738250101
2351,S,1597773254,1597818114,44859.644117,126.23432801982392,22.115938835377044,True,1,3,2.2762802301203693
2352,L,1597818114,1597821184,3069.960138,74.52160142364733,1.9251011886264693,True,0,1,0.4151982391823711
2353,S,1597821184,1597868284,47100.610566,47.840510785972704,4.256264467580702,True,4,1,1.430958900058782
2354,L,1597868284,1598340971,472686.457345,85.58058120286941,24.448490730318635,True,4,10,1.4535910917149115
2355,S,1598340971,1598379050,38079.624367,206.55450088183247,18.808409469186877,True,0,2,1.5402072043197412
2356,L,1598379050,1598381313,2262.657043,69.54723586547784,2.989092693859675,True,0,2,0.4495536617291167
2357,S,1598381313,1598450916,69602.685533,-85.04161826405733,-17.2654841829491,True,8,3,3.376427578342152
2358,L,1598450916,1598454609,3693.200974,-9.221710400939743,-0.2995809538784628,True,1,0,0.5239248194318391
2359,S,1598454609,1598534291,79682.06198,-17.608455330407818,-1.6149512928649374,True,1,2,1.0538063364269854
2360,L,1598534291,1598550660,16369.452586,-89.47889115501737,-17.771078450177974,True,5,2,1.9483561535724432
2361,S,1598550660,1598601420,50759.607272,-110.16677287629332,-2.9570266297688512,True,1,0,0.4376448643817734
2362,L,1598601420,1598606211,4790.6003,47.66250424062246,5.149761087136826e-05,True,0,0,1.861206392719292e-05
2363,S,1598606211,1598625577,19366.714253,12.475583999999872,9.5505299999999e-05,True,0,0,0.0001318714858477
2364,L,1598625577,1598629437,3859.418732,77.60891339999988,8.355635999999986e-05,True,0,0,1.8546083920273462e-05
2365,S,1598629437,1598709971,80534.098051,59.89922360000033,0.00045554888,True,0,0,0.0001310080858407
2366,L,1598709971,1598775581,65610.490319,131.06361031826788,0.9587454366000594,True,0,1,0.125985616299273
2367,S,1598775581,1599145742,370161.076714,192.45068683565785,144.39420526780157,True,9,24,3.468122252852824
2368,L,1599145742,1599147955,2213.116304,63.67264941334516,3.8613171075017614,True,4,0,0.905151993655758
2369,S,1599147955,1599148128,172.226204,5.210472021687486,0.000346798533721,True,0,0,0.0009882506823678
2370,L,1599148128,1599212873,64744.960971,-56.95616550732962,-9.832958325630294,True,8,0,1.6802300347303645
2371,S,1599212873,1599243883,31010.569719,76.1564609004246,10.903828268134816,True,2,2,1.5831796274550325
2372,L,1599243883,1599249643,5759.447221,102.30979119275167,5.55038219091503,True,1,2,0.7492744472764448
2373,S,1599249643,1599329982,80339.238933,176.73903979720413,91.50381197641308,True,6,19,2.887120418499945
2374,L,1599329982,1599335118,5136.281982,-189.31364492553328,-17.028934498076985,True,1,2,1.1313097707668
2375,S,1599335118,1600890561,1555443.02056,-84.35589429494952,-100.56345688693162,True,28,15,3.842567406640456
2376,L,1600890561,1600894402,3840.686754,-149.9641765000016,-7.283350000000078e-06,True,0,0,7.077799390161372e-07
2377,S,1600894402,1600975227,80824.903182,-327.5231951123804,-38.5496563291079,True,4,0,1.711279526957992
2378,L,1600975227,1600992205,16978.504467,120.3821562050762,3.72149059165738,True,1,0,0.4356400336352813
2379,S,1600992205,1601027338,35133.046055,154.83410659999896,0.0012162760999999,True,0,0,0.0001159814213829
2380,L,1601027338,1601035665,8326.73434,70.84622077053619,2.0515149581600136,True,2,0,0.4281390705251765
2381,S,1601035665,1601043028,7362.731442,83.09049100000135,0.00066503542,True,0,0,0.0001181724767159
2382,L,1601043028,1601060442,17413.943329,135.90969322337347,2.5435279225702345,True,1,0,0.2763178761793166
2383,S,1601060442,1602163592,1103150.277922,111.41835930624345,21.868478901509448,True,7,3,1.2432099664945635
2384,L,1602163592,1602499501,335909.218585,444.1606880000005,0.00236581859,True,0,0,8.147968416788783e-05
2385,S,1602499501,1602509705,10204.161573,-14.982275256478632,-1.1997056429006585,True,2,1,1.22681885349339
2386,L,1602509705,1602757746,248041.048253,-41.67525865322413,-5.486553926807624,True,2,3,1.614892114822519
2387,S,1602757746,1602764676,6929.219913,-72.66266699999993,-0.0004771397399999,True,0,0,0.0001005143438126
2388,L,1602764676,1602822199,57523.233065,-33.309015081682865,-3.512783503993051,True,3,3,1.6020333507028846
2389,S,1602822199,1603251183,428983.89603,-450.2970869887462,-146.79363879863527,True,10,3,3.958455394918733
2390,L,1603251183,1603290101,38918.538532,84.33259031033586,5.76944156299402,True,2,0,1.3596378103593665
2391,S,1603290101,1603313964,23862.619014,-45.1932423509012,-3.5405803050602542,True,2,0,1.551590195178164
2392,L,1603313964,1603320628,6663.701219,138.43772151512132,15.168353839235376,True,3,5,1.4001486253631072
2393,S,1603320628,1603321517,889.327898,103.16534559245288,9.657765056603778e-05,True,0,0,1.8598678197834176e-05
2394,L,1603321517,1603321950,432.771359,3.221327590654647,0.4200508773287915,True,1,0,2.60411373944984
2395,S,1603321950,1603400144,78193.747571,-114.06942900261402,-13.267097617418049,True,6,3,2.309390486697553
2396,L,1603400144,1603819647,419503.596582,309.7800732753109,31.390000321443303,True,1,2,1.9359828166340365
2397,S,1603819647,1603819700,52.986259,-0.4804121391190112,-0.0009465259626672,True,0,0,0.0388505557957783
2398,L,1603819700,1603820526,826.04428,17.78660150000045,1.3290600000000337e-05,True,0,0,1.4734326540695655e-05
2399,S,1603820526,1603968073,147546.460427,177.56952899437485,50.91330365757949,True,1,12,2.9832907306139083
2400,L,1603968073,1603988924,20851.568923,345.990180449999,0.0015539709699999,True,0,0,7.619798321545827e-05
2401,S,1603988924,1604013005,24081.097415,96.79272260956768,16.37639319496513,True,6,2,2.500498085441845
2402,L,1604013005,1604013557,551.242983,-5.66505175951857,-0.0048036015310071,True,0,0,0.0143855821330302
2403,S,1604013557,1604013973,416.814224,7.236410075479728,0.1714496895011499,True,1,0,0.4019065589521557
2404,L,1604013973,1604020331,6357.384275,115.86085334999932,0.0005947532399999,True,0,0,8.70892282999258e-05
2405,S,1604020331,1604021234,903.36941,26.32482733876191,0.5722232933410968,True,1,1,0.3744527631145866
2406,L,1604021234,1604111906,90671.778191,-11.347306059472013,-4.099524481708262,True,11,1,2.5888225472707105
2407,S,1604111906,1604372467,260560.936581,100.15244501667422,34.840271935486726,True,3,9,3.63206023562397
2408,L,1604372467,1604393561,21094.692069,52.57103396853334,4.865297909079739,True,1,8,1.1044262830832654
2409,S,1604393561,1604393643,81.8993,5.000059675895439,0.0832022646000901,False,0,0,0.2593016914131105
2410,L,1604393655,1604393661,6.286536,-16.348815250061087,-0.000121003739546,True,0,0,0.0001153341438959
2411,S,1604393661,1604456762,63100.775379,-191.4512263064285,-14.127283336259811,False,1,0,1.149887213595128
2412,L,1604476543,1604561912,85369.171814,467.784743539829,25.85208874507942,True,0,3,0.8380649727665399
2413,S,1604561912,1604696000,134088.034023,-90.16584643996678,-33.850129415079,False,18,4,2.016083530222926
2414,L,1604696045,1604775197,79151.866035,-30.06218922437235,-9.05520710560781,True,11,4,1.7465543962984706
2415,S,1604775197,1604775952,754.856839,-50.24683894109932,-2.206612594266777,True,0,2,0.6946192243207902
2416,L,1604775952,1604776452,500.496668,-65.3583001808223,-0.4794627553197427,True,0,0,0.1153186229502016
2417,S,1604776452,1604777599,1146.533844,168.0009958450296,6.173074465199594,False,1,1,0.5766950192216687
2418,L,1604777825,1604778425,600.090309,-16.175066883176004,-0.8195212299993575,False,1,0,0.7966153877388124
2419,L,1604779760,1604780456,696.484815,73.38795337752407,4.492152481880188,True,0,2,0.8679579915955183
2420,S,1604780456,1604923166,142710.248092,-108.63145777091952,-55.18233043188039,False,25,1,3.635598545565903
2421,L,1604923237,1604923482,245.316897,-42.27080062149965,-1.7507249599999632,False,1,0,0.7364210601844475
2422,L,1604923895,1604942356,18461.289414,-47.57405046775604,-6.347691050001099,False,7,1,1.431919661870882
2423,S,1604943802,1604961431,17628.6873,-29.7675107650743,-2.32262419412589,True,3,0,1.3784533095048368
2424,L,1604961431,1605012306,50874.72438,-12.193031739076272,-0.9119207258751606,False,4,0,1.3354997453937982
2425,S,1605462457,1605805993,343535.901185,-155.48119963575255,-33.24882281999932,False,8,0,1.969045860394138
2426,L,1605884871,1605910201,25329.797403,-25.33865786288888,-0.6828569499999134,False,0,1,0.518470745924324
2427,L,1605910447,1606009467,99020.048856,-69.24421849060789,-8.058722500000727,False,1,5,1.033156607080506
2428,L,1606086830,1606277465,190634.778124,124.01240447639653,15.349574339048775,True,2,1,1.5534797061820484
2429,S,1606277465,1606321995,44530.675693,-90.1517761976344,-0.0002215196287804,True,0,0,4.644362432638989e-05
2430,L,1606321995,1606347739,25743.206411,-48.81503246314564,-1.2865242655401503,True,0,0,0.4980944239092469
2431,S,1606347739,1606358957,11218.51807,204.93004427671963,6.158236803527752,True,1,0,0.5679876215277548
2432,L,1606358957,1606360094,1136.734886,6.403060052677776,0.1737728262528444,True,0,1,0.5015837317818587
2433,S,1606360094,1606361461,1367.127047,149.65396062499886,0.0004735701749999,True,0,0,5.8606597656179e-05
2434,L,1606361461,1606361508,46.649864,-128.2224609646043,-7.20456484486471,True,1,0,1.0416998313821295
2435,S,1606361508,1606361578,70.494526,40.46068580259796,0.0001325555915659,True,0,0,6.067575569235343e-05
2436,L,1606361578,1606362423,844.735396,91.17199732943396,5.217859377713911,True,0,1,1.0637185297134693
2437,S,1606362423,1606362528,104.942253,-19.228469008672494,-6.1898386190839e-05,True,0,0,5.9619043093216935e-05
2438,L,1606362528,1606385884,23356.687821,19.600497049569984,4.6152470044082685,True,13,2,1.6806239933182294
2439,S,1606385884,1606391456,5571.345961,48.67230081757212,3.228675773588832,True,2,4,1.2199705048351044
2440,L,1606391456,1606392512,1056.090183,66.94548664999951,0.0001357825099999,True,0,0,3.756409334757243e-05
2441,S,1606392512,1606409644,17132.503501,325.3233795444998,0.001236985408268,True,0,0,7.042059382044288e-05
2442,L,1606409644,1606423944,14300.127795,159.05817771090625,32.80119946780593,True,3,7,1.6738651581240098
2443,S,1606423944,1606476518,52573.504509,113.31673998019832,35.62654973950677,True,13,2,2.17507739849451
2444,L,1606476518,1606696248,219729.704811,140.01722885607077,28.63048066295725,True,3,5,0.9719155693447028
2445,S,1606696248,1606765282,69033.948041,-213.40026563197264,-71.63229630012155,True,19,3,2.7856551689320845
2446,L,1606765282,1606765498,216.509016,25.31712480000088,5.8066800000002026e-06,True,0,0,3.6002130908405245e-06
2447,S,1606765498,1606868453,102954.687529,245.7123486794077,50.2422452579272,True,8,0,2.785477205062161
2448,L,1606868453,1607083524,215071.236943,74.85983492285283,0.0007367132949856,True,0,0,0.000159226546912
2449,S,1607083524,1607124914,41390.008828,10.367793389451585,1.0412169457879443,True,3,1,1.195869566258649
2450,L,1607124914,1607136270,11356.349005,41.910031598621885,2.257553702112432e-05,True,0,0,8.715372957325636e-06
2451,S,1607136270,1607304061,167790.385014,-135.85632983341893,-14.366508761219317,True,3,1,1.6951061951539617
2452,L,1607304061,1607509567,205506.527401,-698.6075003840746,-0.2163662485693652,True,0,0,0.0051177589227928
2453,S,1607509567,1607596992,87424.257635,-0.1773350799785341,-0.0253179168290852,True,3,2,2.1961978874432577
2454,L,1607596992,1607853850,256858.054891,334.9849754511209,55.52699966507775,True,7,1,1.8068113982195848
2455,S,1607853850,1607890208,36358.624851,108.6980179658766,2.807021702876658,True,0,0,0.3913050419201136
2456,L,1607890208,1608136078,245869.662255,771.5641450169622,0.0016510506234705,True,0,0,3.242460976523556e-05
2457,S,1608136078,1608177421,41342.966149,-492.1805337185914,-35.53163311687805,True,2,1,1.093941839940187
2458,L,1608177421,1608183458,6037.317602,106.96301747058148,2.453511534091533,True,0,1,0.3791438693659202
2459,S,1608183458,1608197972,14514.178998,-264.4768178118263,-30.008246388883727,True,6,0,1.7901854871302307
2460,L,1608197972,1608199387,1414.444528,77.07221766413579,5.05329379170656,True,2,0,1.094257346383613
2461,S,1608199387,1608571349,371961.961964,49.71608895536357,29.280348298664983,True,20,15,3.1706631603230586
2462,L,1608571349,1608762211,190862.425398,58.47682995291074,5.068733823807318,True,3,3,0.7881338282632873
2463,S,1608762211,1609102500,340289.236759,-1105.0627833072622,-130.36269592652118,True,7,0,1.958619261434955
2464,L,1609102500,1609188853,86352.611331,199.4976435040735,0.1351939907443352,True,0,0,0.0105792019786551
2465,S,1609188853,1609565861,377007.691855,-195.46109932420543,-39.20991595788947,False,18,0,1.381762316877784
2466,S,1609634048,1609687522,53473.946518,-310.4981538257991,-19.174532482440146,True,2,2,1.2603057423688564
2467,L,1609687522,1609716014,28492.600865,-25.07462824691796,-0.0074448202897603,True,0,0,0.00606333675101
2468,S,1609716014,1609752956,36941.999232,538.0397724438053,24.027337707059537,True,2,0,0.9103930801044372
2469,L,1609752956,1609808539,55582.305466,267.0393843586534,9.297140180260364,True,2,0,0.69154139089
2470,S,1609808539,1609825942,17403.102799,549.2510424567474,33.038704605786535,True,2,2,1.1050967295936065
2471,L,1609825942,1609831194,5252.449966,-36.98128971078391,-0.0282802248165288,True,0,0,0.014044344986997
2472,S,1609831194,1609876951,45756.473575,-743.8164802000001,-0.00125522536,True,0,0,3.0992498783434854e-05
2473,L,1609876951,1609907670,30719.091137,509.3127413752412,0.000717992592716,True,0,0,2.5890241839476475e-05
2474,S,1609907670,1610311071,403400.724775,-203.8238235625058,-19.47779828463698,True,8,0,1.2349439592663891
2475,L,1610311071,1610312247,1176.582203,164.01730939637469,6.710142741694589,True,2,2,0.7847643602277635
2476,S,1610312247,1610323298,11050.639818,-68.27624213898521,-4.508602272457577,True,5,0,1.2531170323850451
2477,L,1610323298,1610337374,14076.404662,-222.1410254154524,-9.00465594598081,True,3,0,0.4650662459248397
2478,S,1610337374,1610351353,13978.604504,385.2491175383528,35.00187381499424,True,4,3,0.7140529442127237
2479,L,1610351353,1610352510,1157.243018,302.5816862154511,0.0194750965242038,True,0,0,0.0011050636857945
2480,S,1610352510,1610363946,11436.401397,180.43942315875856,15.15310565361242,True,6,0,1.096169587009252
2481,L,1610363946,1610407240,43293.272544,382.85247697667535,17.132372135058272,True,2,1,0.8188920772857017
2482,S,1610407240,1610518799,111559.149584,149.8289240035375,21.450796884149803,True,9,3,1.9567877523340047
2483,L,1610518799,1610575377,56578.625148,690.7266611440293,20.444412283210266,True,1,1,0.4712370652315422
2484,S,1610575377,1610721320,145942.615989,148.21559721474458,30.120249306417698,True,12,6,2.439590964584084
2485,L,1610721320,1610728244,6923.911742,-213.75004429400695,-14.631929334404662,True,4,1,0.8197283991813814
2486,S,1610728244,1610728472,227.762636,81.14573854974107,0.0817112790450994,True,1,0,0.015232205554835
2487,L,1610728472,1610730962,2490.688721,-16.964305122878383,-0.2193861794680586,True,0,0,0.1958800548751642
2488,S,1610730962,1610764707,33744.90439,-91.52973515636162,-13.2821129922031,True,8,5,2.1772809642172546
2489,L,1610764707,1611101074,336367.010859,115.61469822228948,13.520034823533628,True,8,2,0.8842659853045503
2490,S,1611101074,1611204203,103128.761921,307.3028894924364,12.815805680388143,True,0,2,0.6254021325829484
2491,L,1611204203,1611221450,17247.214895,-564.3472361841249,-0.0677541721425951,True,0,0,0.0017653873007797
2492,S,1611221450,1611369984,148533.521874,136.24394842088412,47.63571157855632,True,7,18,2.394626589869113
2493,L,1611369984,1611688319,318335.124934,301.42505422712645,22.871428884785768,True,1,6,0.8246619587520276
2494,S,1611688319,1611900704,212385.366469,132.94579279408865,21.18749255821888,True,2,15,1.2252486304338817
2495,L,1611900704,1611910861,10156.712453,478.4106766024607,50.48883458169429,True,3,4,1.2110481212101178
2496,S,1611910861,1611910968,106.678594,251.70878909849785,3.3511962583520982,True,0,0,0.176958782354229
2497,L,1611910968,1611954394,43425.993885,39.3040622696075,8.86035593862654,True,8,10,0.7518214565274657
2498,S,1611954394,1613300854,1346460.589205,-225.72749665208823,-194.0210504331792,True,65,2,1.9781890792787495
2499,L,1613300854,1613356190,55335.197183,-589.4364426694132,-1.2229852773443382,True,0,0,0.0364691527374118
2500,S,1613356190,1613476827,120637.177161,-291.1160099184779,-27.77044911058072,True,8,0,1.6616259783754763
2501,L,1613476827,1613695316,218489.341493,669.8499456415508,5.042226289084146,True,0,0,0.1386726792874371
2502,S,1613695316,1613725446,30130.25388,-60.13463603238926,-2.7003038105706136,True,0,6,0.8258740164572399
2503,L,1613725446,1613762657,37210.744258,345.94006709531254,13.127846534320849,True,1,4,0.693585515492342
2504,S,1613762657,1614068282,305625.080701,695.2122844105038,75.23977049581222,True,5,12,1.6334230017980726
2505,L,1614068282,1614155343,87061.21606,496.6551697973106,0.0009737326461793,True,0,0,3.034765730930689e-05
2506,S,1614155343,1614297566,142223.134716,94.46286464182262,19.26396760703105,True,2,17,1.5294433268392127
2507,L,1614297566,1614302651,5084.91123,5.053460331830684,0.0055713877501575,True,0,0,0.0167569157753575
2508,S,1614302651,1614377467,74815.383325,114.7980781651473,26.56244444621528,True,7,17,1.4929212123115103
2509,L,1614377467,1614378057,590.247035,129.9423686638358,2.8719293892488,True,0,1,0.312876880657665
2510,S,1614378057,1614409577,31519.728898,-244.8142303181676,-8.238875761627147,True,4,0,0.4753707242689959
2511,L,1614409577,1614603882,194305.199965,136.5608260888902,5.835635623686647,True,3,0,0.6066355779519397
2512,S,1614603882,1619265848,4661966.040362,105.07216989865049,134.69693487185663,True,59,45,2.030892134439413
2513,L,1619265848,1619399393,133544.550529,309.35847444334354,12.576536558955253,True,1,1,0.563828083670677
2514,S,1619399393,1620144476,745082.984399,-88.56974154825309,-26.105924606925395,True,24,2,2.049177024351337
2515,L,1620144476,1620209136,64660.76433,201.728205835714,0.0007086811242857,True,0,0,4.916456729717961e-05
2516,S,1620209136,1620317252,108115.839973,-233.297940330381,-11.10459295563166,True,4,0,0.6364139737798511
2517,L,1620317252,1620908036,590783.678149,-623.6084252653321,-121.3690850708704,True,11,8,1.792171895711975
2518,S,1620908036,1620925776,17740.500356,367.396446013893,14.636261513358225,True,1,0,0.8459867574039147
2519,L,1620925776,1620942759,16982.554181,486.1646808366367,10.306109614345194,True,2,0,0.4514491886725814
2520,S,1620942759,1621224276,281516.861154,937.9501688059992,19.66365777364822,True,2,0,0.4460126803615553
2521,L,1621224276,1621252925,28649.657666,667.1012495558301,23.594688579186883,True,2,0,0.6108131056459646
2522,S,1621252925,1621272336,19411.050472,419.9594578457365,21.99171026316923,True,0,2,0.9044859913433224
2523,L,1621272336,1621274908,2571.389556,287.66174087082663,3.4064903353923297,True,0,0,0.2040268273478345
2524,S,1621274908,1621389301,114392.983507,164.18454471245042,24.54727057025042,True,5,14,1.1819439986870397
2525,L,1621389301,1621431225,41923.842004,-1703.940287381904,-172.45293549645007,True,8,2,1.6196022659246998
2526,S,1621431225,1621443213,11988.367684,-273.1327976943869,-42.14790398678012,True,9,0,1.3430872429917091
2527,L,1621443213,1621443542,329.086015,-125.97877245073016,-1.6994520201392045,True,2,0,0.2123322936086589
2528,S,1621443542,1621471159,27616.949605,410.0219691399883,48.919639583716034,True,4,5,0.8793426762203128
2529,L,1621471159,1621483343,12184.423366,536.3800399696192,29.586627165208267,True,1,3,1.536738974734092
2530,S,1621483343,1621527306,43962.604536,4.949985014457372,0.3065837853483023,True,5,0,1.346226029150838
2531,L,1621527306,1621541212,13906.124341,241.51710993379973,29.913534759605383,True,10,4,2.857690369576133
2532,S,1621541212,1621607864,66651.702488,959.8311668078396,19.531582703925668,True,1,0,0.5651841347967078
2533,L,1621607864,1621810675,202810.946814,-160.45031811785282,-4.51660440862539,True,3,0,0.7513450817032613
2534,S,1621810675,1621974745,164070.50114,453.5553702889424,23.126030270717024,True,2,0,1.0439211658589025
2535,L,1621974745,1622463343,488597.745325,160.9702577052037,63.228763889621526,True,26,7,2.131668585491268
2536,S,1622463343,1622535528,72184.915465,179.80360414322644,26.20268328638149,True,4,2,0.9563098570277966
2537,L,1622535528,1622554928,19400.32493,236.6975598764901,13.397645322054194,True,5,0,0.6609891321701412
2538,S,1622554928,1623161983,607055.009108,377.058715533803,231.78522758418663,True,8,36,1.857932222950164
2539,L,1623161983,1623184051,22067.409281,328.9787713836223,17.99758255562362,True,2,2,0.4651284069819885
2540,S,1623184051,1623469190,285139.136546,-499.8960209856105,-147.5099905190891,True,20,2,1.5843521610257132
2541,L,1623469190,1623615189,145999.114053,456.1832222149327,75.51621409136138,True,12,4,1.167287572871765
2542,S,1623615189,1624025380,410191.435307,413.8435387629464,105.2354350747777,True,14,7,1.350223505292893
2543,L,1624025380,1624251482,226101.271074,-538.519446151204,-91.10136665316574,True,10,0,0.6328296103544403
2544,S,1624251482,1624273039,21557.688939,483.0990750562937,39.54666131584555,True,9,0,0.6647744066099168
2545,L,1624273039,1624284024,10985.051868,219.79076564267976,14.725644836159775,True,1,2,0.4549073540305461
2546,S,1624284024,1624285350,1326.020672,157.46128821323748,0.2402704102419977,True,0,0,0.0124835762718245
2547,L,1624285350,1624286581,1230.899319,86.100822383793,2.5058889098438795,True,0,1,0.2379657106106068
2548,S,1624286581,1624290373,3791.72504,162.53565279375798,2.7106278028251736,True,1,0,0.1363237956197367
2549,L,1624290373,1624301671,11297.947412,149.56949937645717,4.399905642331397,True,1,0,0.2420461826553717
2550,S,1624301671,1624357546,55875.337354,133.63485356759196,20.404022128827084,True,2,8,1.261892126733316
2551,L,1624357546,1624375780,18233.978924,-32.086128454509584,-3.5339822107807577,True,5,0,0.7700606884301113
2552,S,1624375780,1624477959,102178.772541,-304.2929052283911,-75.10628455158506,True,17,0,1.3183693860089931
2553,L,1624477959,1624706994,229034.602197,-743.58213938351,-65.88965746329997,True,3,5,0.7379568354441589
2554,S,1624706994,1624875232,168238.030393,-687.9381449434727,-43.028331954190165,True,2,0,0.5051916820433067
2555,L,1624875232,1625089203,213971.594914,151.0920364577553,8.840422651328723,True,2,0,0.4986013273755582
2556,S,1625089203,1625147987,58783.991458,429.646969744257,24.252072330864085,True,0,3,0.4956718175934357
2557,L,1625147987,1625508012,360025.122597,4.990738389390744,0.3173607896655954,True,1,3,0.5717647470686108
2558,S,1625508012,1625794266,286253.894753,389.8857491835974,22.76110318355461,True,3,0,0.5354681247903057
2559,L,1625794266,1626128070,333804.110287,-193.8248212434632,-18.855393168933208,True,0,6,0.8227276468609473
2560,S,1626128070,1626952463,824392.708823,294.565267487459,37.98134710533834,True,4,1,1.0987923652995175
2561,L,1626952463,1627281600,329136.857831,422.7400419381735,41.243662348267456,True,2,2,0.5287175452399686
2562,S,1627281600,1627286893,5292.662674,186.914607812274,14.356583611115244,True,2,0,0.6159694300179321
2563,L,1627286893,1627297149,10256.348182,119.76216670983872,0.0342492990248544,True,0,0,0.0022938951692336
2564,S,1627297149,1627977197,680047.899614,34.55930175635786,20.99853734605799,True,28,13,1.679728322608317
2565,L,1627977197,1628186313,209116.376902,443.5170946907792,46.46616729870587,True,4,1,1.086018287541009
2566,S,1628186313,1628224577,38263.503243,208.71596346201957,10.321830847257049,True,4,0,0.5006713491102364
2567,L,1628224577,1628309828,85251.332665,636.0172152031217,17.199763564738106,True,1,1,0.2618407671073659
2568,S,1628309828,1628442350,132522.133188,-1.17306124022543,-0.2281461498764536,True,10,4,1.5196402875625423
2569,L,1628442350,1628451058,8707.454767,36.712500107727074,0.0259339789090511,True,0,0,0.0065858729888259
2570,S,1628451058,1628783661,332603.538188,113.0030747339,42.26351868193989,True,30,4,1.7547819664956257
2571,L,1628783661,1628823226,39564.481565,227.1849378014333,2.861307218263057,True,0,0,0.0984634520129442
2572,S,1628823226,1629316774,493547.77427,181.24767887800888,43.094110453976455,True,7,8,1.1495406859557165
2573,L,1629316774,1631003638,1686864.088586,340.55022933879803,180.19312758545976,True,10,25,1.0798485683114891
2574,S,1631003638,1631024978,21340.276629,213.581723500121,12.361248908218602,True,2,1,0.5072245804354335
2575,L,1631024978,1631717786,692807.874642,-52.8621543894136,-21.6179192996486,True,22,2,1.5255822214135697
2576,S,1631717786,1632141143,423357.195129,361.8309020833275,67.98413113603547,True,10,0,1.526493482046205
2577,L,1632141143,1632144441,3298.316874,143.950621829354,0.0093227074025974,True,0,0,0.0005404817959338
2578,S,1632144441,1632165013,20571.954729,21.24846557833256,1.459032562327493,True,3,0,0.5726567635417167
2579,L,1632165013,1632205809,40795.649019,79.27905006226989,5.920042676240288,True,3,1,0.6552092448253205
2580,S,1632205809,1632249335,43525.864837,182.4421583987052,21.169065581449395,True,3,2,0.8807867395538107
2581,L,1632249335,1632297165,47830.074375,105.89097536483276,7.664992831956527,True,3,0,0.5622330821138017
2582,S,1632297165,1632488587,191422.275375,108.22938429597606,15.980114088921068,True,5,2,1.0591804487083236
2583,L,1632488587,1632492482,3895.220326,247.35884359741888,14.062184553390214,True,0,2,0.499600457615536
2584,S,1632492482,1632642655,150172.530447,198.45915161333568,19.8154767678724,True,3,3,0.8741719981918965
2585,L,1632642655,1632749497,106842.470011,550.8376932303246,20.16790360110255,True,1,1,0.2889241789932433
2586,S,1632749497,1634934454,2184956.682141,-956.1252424112636,-195.6257025269389,True,11,3,0.8112791404850923
2587,L,1634934454,1635658251,723796.730773,321.9061093125207,19.172880670953337,True,5,1,0.5514182680657569
2588,S,1635658251,1636476344,818093.581471,-844.6223308370572,-13.75533274558502,True,0,0,0.1495517715524608
2589,L,1636476344,1640316495,3840150.831636,-974.24744889808,-186.2854491602708,True,14,4,1.1593561998470652