entry_time,exit_time,entry,exit,net_trade_return
2019-10-01 01:00:00+00:00,2019-10-05 14:00:00+00:00,8267.5,8032.0,-0.030485031750831615
2019-10-07 15:00:00+00:00,2019-10-16 11:00:00+00:00,8176.5,8059.0,-0.016370451904849315
2019-10-20 19:00:00+00:00,2019-10-23 03:00:00+00:00,8235.0,7954.5,-0.03606193078324227
2019-10-25 15:00:00+00:00,2019-11-11 09:00:00+00:00,8277.5,8659.0,0.04408879492600426
2019-12-18 22:00:00+00:00,2019-12-19 01:00:00+00:00,7416.5,7158.0,-0.03685471583631095
2019-12-22 17:00:00+00:00,2019-12-25 16:00:00+00:00,7313.5,7146.0,-0.02490285089218569
2019-12-26 16:00:00+00:00,2019-12-27 11:00:00+00:00,7335.0,7137.0,-0.028993865030674804
2019-12-28 00:00:00+00:00,2020-01-02 03:00:00+00:00,7309.5,7127.5,-0.02689910390587591
2020-01-03 09:00:00+00:00,2020-02-25 14:00:00+00:00,7346.0,9402.5,0.2779482711679826
2020-04-02 11:00:00+00:00,2020-04-13 00:00:00+00:00,6683.0,6719.0,0.0033868023342809046
2020-04-13 22:00:00+00:00,2020-04-15 12:00:00+00:00,6869.5,6717.5,-0.02412679234296533
2020-04-16 07:00:00+00:00,2020-04-20 19:00:00+00:00,6895.0,6772.5,-0.019766497461928934
2020-04-22 06:00:00+00:00,2020-05-24 23:00:00+00:00,6934.0,8715.5,0.2549224113066051
2020-05-27 10:00:00+00:00,2020-06-11 16:00:00+00:00,9122.5,9089.5,-0.005617429432721253
2020-06-12 08:00:00+00:00,2020-06-15 01:00:00+00:00,9468.0,9248.5,-0.025183354457118723
2020-06-15 20:00:00+00:00,2020-06-25 03:00:00+00:00,9468.5,9097.5,-0.04118255267465809
2020-07-06 12:00:00+00:00,2020-08-27 17:00:00+00:00,9267.0,11195.0,0.2060500701413619
2020-08-28 11:00:00+00:00,2020-09-02 14:00:00+00:00,11473.5,11255.0,-0.021043883732078217
2020-09-15 10:00:00+00:00,2020-09-21 12:00:00+00:00,10842.0,10569.0,-0.02717985611510787
2020-09-24 22:00:00+00:00,2020-10-01 16:00:00+00:00,10757.5,10519.0,-0.024170578666046993
2020-10-05 13:00:00+00:00,2020-12-11 11:00:00+00:00,10717.5,17646.5,0.6445127128528108
2020-12-11 14:00:00+00:00,2021-01-21 11:00:00+00:00,18055.5,32272.5,0.7854054997092299
2021-01-22 19:00:00+00:00,2021-01-23 02:00:00+00:00,33573.0,32280.5,-0.040498197956691406
2021-01-23 05:00:00+00:00,2021-01-23 09:00:00+00:00,33353.0,32490.0,-0.02787473390699491
2021-01-25 03:00:00+00:00,2021-01-25 22:00:00+00:00,33573.0,32489.5,-0.03427295743603487
2021-01-28 21:00:00+00:00,2021-01-31 17:00:00+00:00,33171.5,32317.5,-0.027744991935848562
2021-02-01 01:00:00+00:00,2021-02-26 05:00:00+00:00,33443.5,45562.5,0.36037235935234047
2021-02-26 14:00:00+00:00,2021-02-26 21:00:00+00:00,46882.5,45728.5,-0.026614728310137004
2021-02-27 00:00:00+00:00,2021-02-27 22:00:00+00:00,47561.0,45864.0,-0.037680494522823293
2021-03-01 08:00:00+00:00,2021-03-24 22:00:00+00:00,47010.0,52544.0,0.11571963412039987
2021-03-26 21:00:00+00:00,2021-04-18 03:00:00+00:00,54548.5,54726.0,0.0012539849858383984
2021-04-30 13:00:00+00:00,2021-05-04 15:00:00+00:00,55970.0,53826.5,-0.04029730212613902
2021-05-05 13:00:00+00:00,2021-05-10 20:00:00+00:00,56245.0,55236.5,-0.019930482709574204
2021-05-11 19:00:00+00:00,2021-05-12 16:00:00+00:00,56630.5,55035.0,-0.030173863907258403
2021-06-13 20:00:00+00:00,2021-06-17 17:00:00+00:00,39242.5,37690.5,-0.04154895839969419
2021-06-29 12:00:00+00:00,2021-06-30 04:00:00+00:00,35793.0,34761.0,-0.030832453272986338
2021-07-04 06:00:00+00:00,2021-07-05 01:00:00+00:00,35384.5,34560.0,-0.02530116293857476
2021-07-23 22:00:00+00:00,2021-09-07 15:00:00+00:00,33133.0,46655.5,0.40612784836869587
2021-09-14 22:00:00+00:00,2021-09-20 02:00:00+00:00,47182.0,45941.0,-0.02830240345894619
2021-10-01 07:00:00+00:00,2021-11-16 03:00:00+00:00,44788.0,60898.0,0.35769456104313657
2021-12-23 18:00:00+00:00,2021-12-28 04:00:00+00:00,50551.5,49032.5,-0.032048564335380725
2022-02-04 15:00:00+00:00,2022-02-17 20:00:00+00:00,39503.5,40866.5,0.03250327186198687
2022-02-28 15:00:00+00:00,2022-03-04 19:00:00+00:00,40822.0,39759.0,-0.02803988045661654
2022-03-09 03:00:00+00:00,2022-03-10 05:00:00+00:00,41221.0,39176.5,-0.05159850561606949
2022-03-16 02:00:00+00:00,2022-04-06 23:00:00+00:00,40886.0,43150.5,0.05338570659883568
2022-04-20 11:00:00+00:00,2022-04-20 18:00:00+00:00,42093.0,40953.0,-0.029082887891098252
2022-04-21 10:00:00+00:00,2022-04-21 20:00:00+00:00,42249.5,40582.0,-0.04146792269731003
2022-05-30 21:00:00+00:00,2022-06-01 16:00:00+00:00,31802.0,30393.5,-0.046289667316520955
2022-06-06 02:00:00+00:00,2022-06-07 00:00:00+00:00,30924.0,30204.0,-0.02528288707799764
2022-06-07 19:00:00+00:00,2022-06-08 03:00:00+00:00,31042.0,30013.5,-0.0351325301204819
2022-07-07 19:00:00+00:00,2022-07-10 13:00:00+00:00,21808.5,21076.0,-0.035587821262351826
2022-07-15 19:00:00+00:00,2022-07-16 00:00:00+00:00,21160.5,20685.5,-0.02444748470026703
2022-07-16 16:00:00+00:00,2022-07-25 23:00:00+00:00,21459.5,21294.5,-0.009688902350940108
2022-07-27 18:00:00+00:00,2022-08-19 00:00:00+00:00,22556.5,22919.5,0.014092922217542549
2022-09-09 06:00:00+00:00,2022-09-13 18:00:00+00:00,20689.0,20255.0,-0.02297733094881338
2022-09-27 02:00:00+00:00,2022-09-27 16:00:00+00:00,20083.0,19111.5,-0.050374246875466766
2022-09-30 14:00:00+00:00,2022-10-01 05:00:00+00:00,19991.5,19311.0,-0.03603946677337866
2022-10-04 06:00:00+00:00,2022-10-08 21:00:00+00:00,19840.0,19305.0,-0.028965725806451625
2022-10-14 01:00:00+00:00,2022-10-14 21:00:00+00:00,19864.5,19097.0,-0.04063676407661909
2022-10-17 12:00:00+00:00,2022-10-20 00:00:00+00:00,19517.5,18962.0,-0.030461636992442642
2022-10-23 17:00:00+00:00,2022-11-08 04:00:00+00:00,19476.5,19628.5,0.005804276949143762
2022-11-08 16:00:00+00:00,2022-11-08 17:00:00+00:00,20358.5,19326.5,-0.05269135741827735
2022-12-05 00:00:00+00:00,2022-12-07 07:00:00+00:00,17209.5,16759.5,-0.028148348295999326
2022-12-08 18:00:00+00:00,2022-12-16 16:00:00+00:00,17242.0,16799.5,-0.027664076093260603
2023-01-04 03:00:00+00:00,2023-02-09 22:00:00+00:00,16852.0,21766.0,0.28959743650605274
2023-02-14 14:00:00+00:00,2023-03-03 01:00:00+00:00,22231.0,22144.5,-0.005890963069587472
2023-03-13 00:00:00+00:00,2023-04-20 19:00:00+00:00,22447.0,28098.5,0.2497708379738941
2023-04-26 01:00:00+00:00,2023-05-01 19:00:00+00:00,28362.5,27825.5,-0.020933450859409453
2023-05-02 18:00:00+00:00,2023-05-08 07:00:00+00:00,28696.0,27956.5,-0.02777014218009477
2023-05-28 15:00:00+00:00,2023-06-01 02:00:00+00:00,27268.5,26705.5,-0.022646533546032965
2023-06-03 15:00:00+00:00,2023-06-05 12:00:00+00:00,27283.0,26680.0,-0.02410167503573657
2023-06-06 22:00:00+00:00,2023-06-07 09:00:00+00:00,27132.0,26472.0,-0.02632551968155683
2023-06-17 05:00:00+00:00,2023-07-24 09:00:00+00:00,26688.5,29164.0,0.09075530659272713
2023-08-01 23:00:00+00:00,2023-08-16 23:00:00+00:00,29690.5,28724.5,-0.034535659554402964
2023-08-29 14:00:00+00:00,2023-08-31 16:00:00+00:00,27490.5,26232.5,-0.04776126298175731
2023-09-14 00:00:00+00:00,2023-10-11 17:00:00+00:00,26521.5,26616.7,0.001589540561431237
2023-10-15 20:00:00+00:00,2024-01-12 22:00:00+00:00,27183.4,42507.2,0.5617190344107064
2024-01-27 21:00:00+00:00,2024-03-19 14:00:00+00:00,42126.0,62912.3,0.49143160993210855
2024-03-19 16:00:00+00:00,2024-03-19 22:00:00+00:00,64991.3,62653.9,-0.037964813751994564
2024-03-20 14:00:00+00:00,2024-03-22 13:00:00+00:00,64212.9,63053.4,-0.020057119363866116
2024-03-23 07:00:00+00:00,2024-04-02 11:00:00+00:00,64565.5,65661.8,0.01497965631800269
2024-04-04 13:00:00+00:00,2024-04-12 18:00:00+00:00,67208.5,66473.0,-0.012943556246605701
2024-04-22 05:00:00+00:00,2024-04-24 15:00:00+00:00,66328.2,64579.2,-0.028368874777244035
2024-05-04 10:00:00+00:00,2024-05-07 23:00:00+00:00,64371.9,62293.4,-0.03428893352534257
2024-05-13 09:00:00+00:00,2024-05-14 12:00:00+00:00,63016.8,61528.9,-0.02561116400705843
2024-05-15 12:00:00+00:00,2024-06-11 10:00:00+00:00,63718.9,66952.6,0.048749463659918835
2024-06-12 12:00:00+00:00,2024-06-13 15:00:00+00:00,69306.2,66447.4,-0.04324883488057352
2024-07-14 21:00:00+00:00,2024-08-01 15:00:00+00:00,61226.1,62864.5,0.024759829549816148
2024-08-01 21:00:00+00:00,2024-08-02 14:00:00+00:00,64867.5,63122.6,-0.028899448876556044
2024-08-08 22:00:00+00:00,2024-08-09 10:00:00+00:00,62289.6,60560.6,-0.029757442654953614
2024-08-20 00:00:00+00:00,2024-08-20 15:00:00+00:00,60434.0,58788.7,-0.029224741039812097
2024-08-21 18:00:00+00:00,2024-08-27 22:00:00+00:00,60716.9,59452.4,-0.022826162073491862
2024-09-12 03:00:00+00:00,2024-10-01 20:00:00+00:00,58192.6,60791.1,0.04265344390867565
2024-10-04 16:00:00+00:00,2024-10-09 20:00:00+00:00,62218.1,60400.0,-0.031221400203477745
2024-10-11 15:00:00+00:00,2024-12-19 20:00:00+00:00,62238.3,96396.1,0.5468228309577865
2024-12-21 05:00:00+00:00,2024-12-22 04:00:00+00:00,98629.9,96066.9,-0.027986034660888892
2024-12-24 15:00:00+00:00,2024-12-26 08:00:00+00:00,98247.0,95836.7,-0.026533064622838443
2025-01-02 09:00:00+00:00,2025-01-08 11:00:00+00:00,96732.4,95088.0,-0.018999474839867414
2025-01-14 09:00:00+00:00,2025-01-27 10:00:00+00:00,97107.1,98364.6,0.010949619543782154
2025-01-27 14:00:00+00:00,2025-02-02 03:00:00+00:00,101878.0,99160.7,-0.028672097999568158
2025-02-03 19:00:00+00:00,2025-02-04 05:00:00+00:00,101825.0,98818.5,-0.031526147802602544
2025-02-20 17:00:00+00:00,2025-02-21 19:00:00+00:00,97915.3,95245.0,-0.02927152957709367
2025-03-02 17:00:00+00:00,2025-03-03 14:00:00+00:00,94039.9,89220.0,-0.05325377632260342
2025-03-06 04:00:00+00:00,2025-03-06 12:00:00+00:00,92232.1,90062.7,-0.025521095150170203
2025-03-19 23:00:00+00:00,2025-03-20 16:00:00+00:00,86799.1,83770.1,-0.036896675195940976
2025-03-23 23:00:00+00:00,2025-03-28 14:00:00+00:00,86044.1,84133.9,-0.024200243828455537
2025-04-02 14:00:00+00:00,2025-04-02 22:00:00+00:00,85824.8,82784.3,-0.03742682301619116
2025-04-11 17:00:00+00:00,2025-06-05 19:00:00+00:00,83880.0,101876.3,0.21254816404387222
2025-06-06 14:00:00+00:00,2025-06-20 17:00:00+00:00,104716.2,103224.5,-0.01624516932432607
2025-06-23 22:00:00+00:00,2025-08-01 19:00:00+00:00,105495.5,113278.1,0.07177186704646177
2025-08-06 17:00:00+00:00,2025-08-19 14:00:00+00:00,115452.0,113841.6,-0.015948653986072037
2025-08-22 15:00:00+00:00,2025-08-24 19:00:00+00:00,116306.3,112563.1,-0.03418398315482474
2025-09-05 07:00:00+00:00,2025-09-06 16:00:00+00:00,112898.4,110214.9,-0.025769158818902627
2025-09-08 14:00:00+00:00,2025-09-23 02:00:00+00:00,112585.0,111764.0,-0.009292268064129304
2025-09-29 13:00:00+00:00,2025-10-10 20:00:00+00:00,113156.1,114193.8,0.007170517541696732
2025-10-21 15:00:00+00:00,2025-10-21 20:00:00+00:00,113348.5,110737.0,-0.025039563823076594
2025-10-26 09:00:00+00:00,2025-10-29 23:00:00+00:00,112474.4,109984.1,-0.024141038316274566
2025-12-03 04:00:00+00:00,2025-12-05 09:00:00+00:00,93325.9,91096.1,-0.025892617162009524
2025-12-09 15:00:00+00:00,2025-12-11 02:00:00+00:00,92664.1,90049.4,-0.03021696859949008
2025-12-11 21:00:00+00:00,2025-12-12 15:00:00+00:00,92819.0,89886.6,-0.03359266960428353
2025-12-22 12:00:00+00:00,2025-12-22 19:00:00+00:00,90165.9,88020.1,-0.025798353923157102
2025-12-29 02:00:00+00:00,2025-12-29 20:00:00+00:00,89126.0,87183.3,-0.0237972308866099
2025-12-30 15:00:00+00:00,2026-01-20 16:00:00+00:00,88971.6,90144.0,0.011177238579501704
2026-03-04 07:00:00+00:00,2026-03-06 17:00:00+00:00,69457.4,67935.0,-0.02391847089007071
2026-03-10 01:00:00+00:00,2026-03-21 23:00:00+00:00,69211.9,68885.1,-0.006721731378563354
2026-03-23 12:00:00+00:00,2026-03-26 16:00:00+00:00,70705.6,68900.0,-0.027536874024122637
2026-04-05 23:00:00+00:00,2026-05-18 02:00:00+00:00,68988.0,76812.6,0.11141972516959475
2026-07-04 15:00:00+00:00,2026-07-31 14:00:00+00:00,62900.7,62675.0,-0.005588195361895807
2026-08-04 04:00:00+00:00,2026-08-14 09:00:00+00:00,64003.6,62782.9,-0.0210723646794867
2026-08-17 14:00:00+00:00,2026-09-23 17:00:00+00:00,63867.1,84031.8,0.3137290686441063
