entry_time,signals,event_avg_r,feature_time,breadth_down_prev,breadth_down2_prev,market_medret_prev,breadth_accel,btc_ret_prev,btc_ret_3_prev,btc_vol_6_prev,success
2025-12-11 04:00:00+00:00,68,-0.8185215736586822,2025-12-11 00:00:00+00:00,0.5771028037383178,0.5292056074766355,-0.04050467230366245,0.01985981308411222,-0.02331439754287723,-0.023784581479605937,0.011677097882869233,False
2025-12-12 16:00:00+00:00,79,-0.7587578275006642,2025-12-12 12:00:00+00:00,0.572429906542056,0.49649532710280375,-0.035960214231063437,0.3060747663551402,-0.026915562098472123,-0.025362582032931402,0.015446310133143083,False
2025-12-14 20:00:00+00:00,54,0.8198959800436612,2025-12-14 16:00:00+00:00,0.5163551401869159,0.06191588785046729,-0.007052186177715081,0.04906542056074764,-0.004343418905615737,-0.01780830573881087,0.004031630543285962,True
2025-12-15 16:00:00+00:00,163,-0.026302037153588833,2025-12-15 12:00:00+00:00,0.5619158878504673,0.48364485981308414,-0.03406541453560841,0.19509345794392524,-0.029120817802379295,-0.025137858738075503,0.014178539899357648,False
2025-12-17 20:00:00+00:00,187,0.9352948730477082,2025-12-17 16:00:00+00:00,0.5373831775700935,0.4264018691588785,-0.02503543717174389,0.025700934579439227,-0.013862605715701304,-0.011811231760801011,0.0065941561708170475,True
2025-12-18 20:00:00+00:00,208,-1.0097735236931005,2025-12-18 16:00:00+00:00,0.5829439252336449,0.544392523364486,-0.0639368499492643,0.485981308411215,-0.04558955163154044,-0.026968169379230855,0.021383550258043976,False
2026-01-25 20:00:00+00:00,79,-0.9725880437505539,2026-01-25 16:00:00+00:00,0.5969626168224299,0.5595794392523364,-0.048505544299936865,0.050233644859813076,-0.022018867497681227,-0.024493880760868558,0.008232897702860696,False
2026-01-29 16:00:00+00:00,108,-0.02315701442701704,2026-01-29 12:00:00+00:00,0.5782710280373832,0.4883177570093458,-0.030188679245283012,0.05841121495327106,-0.032999526169995574,-0.03528508054252566,0.013374629400414794,False
2026-01-30 04:00:00+00:00,52,-0.5242597067807268,2026-01-30 00:00:00+00:00,0.5700934579439252,0.3925233644859813,-0.021762785636561532,0.43925233644859807,-0.02321147643097843,-0.026586020872105376,0.015539601397064248,False
2026-01-31 12:00:00+00:00,82,2.928089089167458,2026-01-31 08:00:00+00:00,0.5700934579439252,0.25116822429906543,-0.01513761467889907,0.026869158878504606,-0.006360579732357485,-0.01458472368349173,0.008412073682434065,True
2026-01-31 16:00:00+00:00,190,1.8849873460597864,2026-01-31 12:00:00+00:00,0.5922897196261683,0.5315420560747663,-0.044588808504355426,0.02219626168224309,-0.02066201351598862,-0.03237267450513459,0.011934590014334369,True
2026-01-31 20:00:00+00:00,58,-0.9965622127623374,2026-01-31 16:00:00+00:00,0.6004672897196262,0.5537383177570093,-0.04538842013383759,0.008177570093457875,-0.04381396997118214,-0.06952693188240588,0.016648585496493597,False
2026-02-05 12:00:00+00:00,52,2.949148375559722,2026-02-05 08:00:00+00:00,0.5619158878504673,0.2570093457943925,-0.015527950310559091,0.054906542056074814,-0.006181053536606362,-0.03908260342861514,0.01015804463300868,True
2026-02-05 16:00:00+00:00,161,2.49309490757382,2026-02-05 12:00:00+00:00,0.5911214953271028,0.5408878504672897,-0.039808917197452165,0.029205607476635476,-0.040226810284722414,-0.0526272175553274,0.014715498050821814,True
2026-02-05 20:00:00+00:00,64,0.6400404258705437,2026-02-05 16:00:00+00:00,0.6051401869158879,0.5058411214953271,-0.029279279279279313,0.014018691588785104,-0.032830802394002156,-0.07747457792497048,0.014665749276776018,True
2026-02-06 00:00:00+00:00,72,-0.8746727732884135,2026-02-05 20:00:00+00:00,0.6051401869158879,0.5502336448598131,-0.036705461056401045,0.0,-0.036318124266141893,-0.10544970759401817,0.01489565877153869,False
2026-02-28 08:00:00+00:00,58,-0.9281993233642581,2026-02-28 04:00:00+00:00,0.610981308411215,0.5595794392523364,-0.04035948160122749,0.1974299065420561,-0.030037801951833698,-0.02412591370969963,0.014399466473924894,False
2026-05-28 04:00:00+00:00,79,-0.34467403635272176,2026-05-28 00:00:00+00:00,0.6238317757009346,0.48014018691588783,-0.025849913833620453,0.011682242990654235,-0.016039108765206422,-0.027563081009296164,0.0066466743095933345,False
2026-06-02 16:00:00+00:00,110,-0.6493807676620814,2026-06-02 12:00:00+00:00,0.5899532710280374,0.5,-0.031306715063520896,0.2091121495327103,-0.031055650134955592,-0.05141940223376251,0.012545646748141102,False
2026-06-04 04:00:00+00:00,109,1.8191815544831746,2026-06-04 00:00:00+00:00,0.5537383177570093,0.3855140186915888,-0.017590856326457738,0.030373831775700966,0.0034077953513615977,-0.025895391882991614,0.01466321679640824,True
2026-06-05 04:00:00+00:00,105,1.4555218634879825,2026-06-05 00:00:00+00:00,0.6273364485981309,0.49649532710280375,-0.028009084027251996,0.010514018691588856,-0.018067949396586624,-0.01824322631559183,0.015029155319386376,True
2026-06-05 08:00:00+00:00,94,1.0971948577735955,2026-06-05 04:00:00+00:00,0.5654205607476636,0.26869158878504673,-0.011019283746556363,-0.06191588785046731,0.0059952439963828486,-0.008249961085089241,0.014949011051671688,True
2026-06-05 16:00:00+00:00,61,0.3086629308821015,2026-06-05 12:00:00+00:00,0.6133177570093458,0.4591121495327103,-0.022858363597522025,0.0829439252336448,-0.024684520301310298,-0.036665247202139595,0.012876784928200128,True
2026-06-23 08:00:00+00:00,52,0.007651075244929798,2026-06-23 04:00:00+00:00,0.6647196261682243,0.5116822429906542,-0.025364153558099678,0.3457943925233645,-0.018553249434314134,-0.024806083673789336,0.009033664992723801,True
2026-06-24 16:00:00+00:00,92,0.3719566715046826,2026-06-24 12:00:00+00:00,0.6460280373831776,0.5362149532710281,-0.03064284782892157,0.3785046728971963,-0.04186510239681207,-0.039067309256418103,0.01787551578202769,True
2026-06-24 20:00:00+00:00,56,-0.5215218465014485,2026-06-24 16:00:00+00:00,0.6016355140186916,0.25934579439252337,-0.00937091335502066,-0.04439252336448596,-0.005494988789293442,-0.04321390764534094,0.01775295938156545,False
2026-07-27 16:00:00+00:00,63,-0.3510727719350645,2026-07-27 12:00:00+00:00,0.655373831775701,0.42757009345794394,-0.018398637137989837,0.12967289719626174,-0.00854423717327124,-0.011406418792090256,0.006329994015945044,False
2026-07-28 00:00:00+00:00,62,0.002937607161918722,2026-07-27 20:00:00+00:00,0.6717289719626168,0.4030373831775701,-0.016070548177067656,0.4707943925233645,-0.019064274190568775,-0.020781244477364624,0.008759063020717469,True
2026-07-29 04:00:00+00:00,95,-0.3045561480163219,2026-07-29 00:00:00+00:00,0.6997663551401869,0.48598130841121495,-0.02090237145151269,0.2605140186915888,-0.0027635375784775817,-0.002697990904452996,0.0035382600037166777,False
2026-08-18 04:00:00+00:00,53,-0.868723247038101,2026-08-18 00:00:00+00:00,0.6378504672897196,0.2523364485981308,-0.008871989860582907,0.21845794392523366,-0.005529881046321017,-0.00035063168245552667,0.004646761455251283,False
