candidate,freq,period,trades,pf,expectancy_r,wins,losses
ETH_D3,M,2019-08,3,0.8154272933786432,-0.14660364421302532,1,2
ETH_D3,M,2019-09,11,1.4613928005586392,0.28232531938613276,5,6
ETH_D3,M,2019-10,11,1.4456625851512372,0.27555104497413485,5,6
ETH_D3,M,2019-11,13,1.4621951648007958,0.2854761641936739,6,7
ETH_D3,M,2019-12,6,0.3440820437878368,-0.6299102171136196,1,5
ETH_D3,M,2020-01,8,1.0534859671229577,0.037795195300618506,3,5
ETH_D3,M,2020-02,9,2.2602312576061196,0.6126673003093371,5,4
ETH_D3,M,2020-03,9,3.677836334758572,0.9592398629112542,6,3
ETH_D3,M,2020-04,9,1.479652435286183,0.284966889235205,4,5
ETH_D3,M,2020-05,7,0.30024200490379604,-0.6626119345032627,1,6
ETH_D3,M,2020-06,13,1.4153253521255222,0.2639052628452312,6,7
ETH_D3,M,2020-07,11,0.6390525933650133,-0.30093488708574195,3,8
ETH_D3,M,2020-08,11,0.6580855885430885,-0.27995424278800013,3,8
ETH_D3,M,2020-09,13,1.1190664618741106,0.08096716201053991,5,8
ETH_D3,M,2020-10,14,0.9949386348090618,-0.00356710282520023,5,9
ETH_D3,M,2020-11,15,5.06000676792422,1.1610862710065675,11,4
ETH_D3,M,2020-12,11,0.6801005385138773,-0.2531930312571623,3,8
ETH_D3,M,2021-01,15,1.6767816187219884,0.37363102682155674,7,8
ETH_D3,M,2021-02,14,0.7495897056219327,-0.18956300361039352,4,10
ETH_D3,M,2021-03,14,1.345534079407205,0.21679421910238952,6,8
ETH_D3,M,2021-04,11,0.6921971794111549,-0.23966079832465528,3,8
ETH_D3,M,2021-05,13,1.180828011480071,0.11691688881822258,5,8
ETH_D3,M,2021-06,11,0.6942975002471206,-0.23764214322426766,3,8
ETH_D3,M,2021-07,16,1.8143041014952175,0.44359017174881815,8,8
ETH_D3,M,2021-08,9,0.906389046505835,-0.06775688398135876,3,6
ETH_D3,M,2021-09,11,3.1953739408963338,0.8626447319080408,7,4
ETH_D3,M,2021-10,11,4.7521581941762125,1.1331262886856328,8,3
ETH_D3,M,2021-11,12,0.5816775886876445,-0.3532176325890253,3,9
ETH_D3,M,2021-12,24,1.2611004695742931,0.17017024216759732,10,14
ETH_D3,M,2022-01,12,1.786235262055283,0.4349476173532361,6,6
ETH_D3,M,2022-02,12,1.812961534337345,0.4415843433799644,6,6
ETH_D3,M,2022-03,8,1.0740230872376257,0.05081996646630477,3,5
ETH_D3,M,2022-04,10,0.7545372175727467,-0.19202187636084483,3,7
ETH_D3,M,2022-05,15,0.2754627750514216,-0.6912209155489968,2,13
ETH_D3,M,2022-06,9,0.9192737448542321,-0.05757956081739876,3,6
ETH_D3,M,2022-07,6,0.36466342843744715,-0.5767267709993162,1,5
ETH_D3,M,2022-08,10,1.7608582199280003,0.4268197656339356,5,5
ETH_D3,M,2022-09,12,0.9170329114666832,-0.059843126423103986,4,8
ETH_D3,M,2022-10,9,0.4717148424808041,-0.483499075492188,2,7
ETH_D3,M,2022-11,5,0.45912702967746616,-0.4669704025196807,1,4
ETH_D3,M,2022-12,13,1.8501713093968801,0.4821560596784295,7,6
ETH_D3,M,2023-01,4,5.209753177868142,1.1669440954327015,3,1
ETH_D3,M,2023-02,11,0.38348770775370594,-0.5735684401891556,2,9
ETH_D3,M,2023-03,12,1.6984831572138441,0.4061566247558486,6,6
ETH_D3,M,2023-04,5,0.40783259278644324,-0.5483429402429483,1,4
ETH_D3,M,2023-05,11,0.987029487140529,-0.009299813311179178,4,7
ETH_D3,M,2023-06,8,2.5207532779568798,0.7303733141577758,5,3
ETH_D3,M,2023-07,12,1.1440012833104711,0.10242513630471212,5,7
ETH_D3,M,2023-08,15,0.7265693254113851,-0.23874729414941198,5,10
ETH_D3,M,2023-09,14,1.163981615989258,0.11497262270171552,6,8
ETH_D3,M,2023-10,9,1.205043337875602,0.14731644587937606,4,5
ETH_D3,M,2023-11,15,1.132396373851421,0.0914469881065754,6,9
ETH_D3,M,2023-12,9,2.233827670009479,0.6050174847230987,5,4
ETH_D3,M,2024-01,12,1.2193132015340715,0.14684393632699563,5,7
ETH_D3,M,2024-02,9,1.3143847000498365,0.20938457048326994,4,5
ETH_D3,M,2024-03,7,0.29694135350596873,-0.6716274634392667,1,6
ETH_D3,M,2024-04,13,1.51410619811095,0.308016718876667,6,7
ETH_D3,M,2024-05,9,3.556008805487191,0.9464775009255546,6,3
ETH_D3,M,2024-06,7,1.2567061343039565,0.1701432017105978,3,4
ETH_D3,M,2024-07,14,1.2710188451398199,0.17988680938756113,6,8
ETH_D3,M,2024-08,12,2.51962700035447,0.6949322030708899,7,5
ETH_D3,M,2024-09,12,0.89040907192398,-0.08075624320371101,4,8
ETH_D3,M,2024-10,12,1.7869711013957768,0.43284721456755465,6,6
ETH_D3,M,2024-11,11,1.0217359945968343,0.01518120790416656,4,7
ETH_D3,M,2024-12,13,1.0983287906462402,0.06809158532144914,5,8
ETH_D3,M,2025-01,10,2.528490783726618,0.7133894584870043,6,4
ETH_D3,M,2025-02,8,0.6225558378226848,-0.3006516194950928,2,6
ETH_D3,M,2025-03,14,0.6885801067167842,-0.25424321825944146,4,10
ETH_D3,M,2025-04,21,1.1062803682492506,0.07231351842086747,8,13
ETH_D3,M,2025-05,11,0.6607819122154578,-0.2767130740380997,3,8
ETH_D3,M,2025-06,15,1.1865582108978496,0.12355753840387404,6,9
ETH_D3,M,2025-07,14,1.7742766759857982,0.4272071958213778,7,7
ETH_D3,M,2025-08,9,0.5147733038075173,-0.41577184120529104,2,7
ETH_D3,M,2025-09,18,1.3148253135298293,0.20857039162295132,8,10
ETH_D3,M,2025-10,14,0.6992368562275668,-0.24161389257933777,4,10
ETH_D3,M,2025-11,15,1.530516394270905,0.31990905328723057,7,8
ETH_D3,M,2025-12,12,1.2773542335672738,0.1786283931376654,5,7
ETH_D3,M,2026-01,9,0.2113917392577782,-0.8049242155467548,1,8
ETH_D3,M,2026-02,14,1.384093928512768,0.2344458526694149,6,8
ETH_D3,M,2026-03,14,1.718301379627858,0.4103192006737183,7,7
ETH_D3,M,2026-04,12,0.33174629185061105,-0.6528921059479813,2,10
ETH_D3,M,2026-05,16,2.752415614189459,0.7692017514543363,10,6
ETH_D3,M,2026-06,15,0.8676193052719484,-0.09930688239917598,5,10
ETH_D3,M,2026-07,15,1.5353502756035766,0.3201288107854135,7,8
ETH_D3,M,2026-08,11,0.9512415239585023,-0.03613731541841252,4,7
ETH_D3,M,2026-09,8,1.049900199289421,0.03512035799429014,3,5
ETH_D3,Q,2019Q3,14,1.2924999212399995,0.19041197004345603,6,8
ETH_D3,Q,2019Q4,30,1.1438748561074374,0.0987596775517175,12,18
ETH_D3,Q,2020Q1,26,2.090330844573448,0.5557510012073179,14,12
ETH_D3,Q,2020Q2,29,1.0670684471435536,0.046799547537310776,11,18
ETH_D3,Q,2020Q3,35,0.8024569279847275,-0.15249163778497551,11,24
ETH_D3,Q,2020Q4,40,1.6377721738776638,0.3645307820429231,19,21
ETH_D3,Q,2021Q1,43,1.2163790704695558,0.13920238184212314,17,26
ETH_D3,Q,2021Q2,35,0.8538304489997512,-0.10658322292575033,11,24
ETH_D3,Q,2021Q3,36,1.817115170718902,0.44379785675381433,18,18
ETH_D3,Q,2021Q4,47,1.4230753887986793,0.26191198715948916,21,26
ETH_D3,Q,2022Q1,32,1.585821452197984,0.3414044768915264,15,17
ETH_D3,Q,2022Q2,34,0.5514671437839536,-0.3766690748294115,8,26
ETH_D3,Q,2022Q3,28,1.0045515948216388,0.0032042683309360903,10,18
ETH_D3,Q,2022Q4,27,0.9790071052505424,-0.015493145044759729,10,17
ETH_D3,Q,2023Q1,27,1.176437471847371,0.11971863098963993,11,16
ETH_D3,Q,2023Q2,24,1.1833215144714655,0.12495724440102059,10,14
ETH_D3,Q,2023Q3,41,0.976390262520529,-0.01810953801855163,16,25
ETH_D3,Q,2023Q4,33,1.3833667709295627,0.2467487938491183,15,18
ETH_D3,Q,2024Q1,28,0.9490824819523644,-0.03767156692148186,10,18
ETH_D3,Q,2024Q2,29,1.8700968838735799,0.47287990571382227,15,14
ETH_D3,Q,2024Q3,38,1.4186025729818992,0.26022439078505255,17,21
ETH_D3,Q,2024Q4,36,1.2682523348688701,0.17350973530375904,15,21
ETH_D3,Q,2025Q1,32,1.0520389711532674,0.036539892914910055,12,20
ETH_D3,Q,2025Q2,47,1.0098837887355079,0.006980918052707057,17,30
ETH_D3,Q,2025Q3,41,1.2190411077379413,0.14617612731377544,17,24
ETH_D3,Q,2025Q4,41,1.1270351346760343,0.08681907367926127,16,25
ETH_D3,Q,2026Q1,37,1.0692758585766386,0.04817277856440733,14,23
ETH_D3,Q,2026Q2,43,1.099432056493564,0.0693702213001387,17,26
ETH_D3,Q,2026Q3,34,1.2059252560139633,0.13780542812155844,14,20
ETH_D3,Y,2019,44,1.189471840602547,0.1279217706172707,18,26
ETH_D3,Y,2020,130,1.3004803376954273,0.19269797591703897,55,75
ETH_D3,Y,2021,161,1.299921453610486,0.18970109227604562,67,94
ETH_D3,Y,2022,121,0.9745461747209202,-0.01826777426953266,43,78
ETH_D3,Y,2023,125,1.1560250580697227,0.10905276832484048,52,73
ETH_D3,Y,2024,131,1.3453093953328268,0.21979840238676857,57,74
ETH_D3,Y,2025,161,1.099509096221533,0.0686346767855209,62,99
ETH_D3,Y,2026,114,1.1204196777280446,0.08290084981510545,45,69
BTC_D3,M,2019-07,6,0.8787230454837153,-0.09125494539455374,2,4
BTC_D3,M,2019-08,10,0.42527360803369485,-0.5274470328065984,2,8
BTC_D3,M,2019-09,7,0.28173001619946364,-0.7093078662774949,1,6
BTC_D3,M,2019-10,11,0.9664006255947881,-0.024925870691278638,4,7
BTC_D3,M,2019-11,8,0.0,-1.1344873174640042,0,8
BTC_D3,M,2019-12,10,1.1248451522268867,0.0866964513433482,4,6
BTC_D3,M,2020-01,12,1.6706601632368197,0.39215738572480846,6,6
BTC_D3,M,2020-02,8,1.0249777716570616,0.017891721562678042,3,5
BTC_D3,M,2020-03,8,1.1166742586078564,0.07720601367891905,3,5
BTC_D3,M,2020-04,12,0.872608399949154,-0.09531609612924685,4,8
BTC_D3,M,2020-05,5,1.1757391980995866,0.11698677155078485,2,3
BTC_D3,M,2020-06,15,1.1312164035759462,0.09038813062966672,6,9
BTC_D3,M,2020-07,11,0.8485698113329371,-0.1225085971450564,4,7
BTC_D3,M,2020-08,11,1.9862532533752986,0.5263923191533543,6,5
BTC_D3,M,2020-09,11,2.024603850554318,0.5410013958892312,6,5
BTC_D3,M,2020-10,14,0.696399053185596,-0.24321188907143856,4,10
BTC_D3,M,2020-11,12,0.8883372014481339,-0.08241729463406176,4,8
BTC_D3,M,2020-12,13,0.7766423254285978,-0.17387695228006955,4,9
BTC_D3,M,2021-01,12,1.3084179133594311,0.19531524754221494,5,7
BTC_D3,M,2021-02,16,0.6165920107901595,-0.3078963319822847,4,12
BTC_D3,M,2021-03,11,2.2066852886450428,0.59149431437837,6,5
BTC_D3,M,2021-04,13,1.5073850040058479,0.30466219562570906,6,7
BTC_D3,M,2021-05,19,1.3562221126376168,0.21965276373844586,8,11
BTC_D3,M,2021-06,8,0.6159702247916298,-0.3083180284898308,2,6
BTC_D3,M,2021-07,16,0.7979709824417753,-0.15600363518651228,5,11
BTC_D3,M,2021-08,14,0.4816923031801587,-0.45457125994173986,3,11
BTC_D3,M,2021-09,17,0.9667784319409755,-0.02388158889836542,6,11
BTC_D3,M,2021-10,8,1.0674556578523284,0.04660978946721081,3,5
BTC_D3,M,2021-11,8,5.2573496640521435,1.197643188199496,6,2
BTC_D3,M,2021-12,10,1.81532727348678,0.44158032353167176,5,5
BTC_D3,M,2022-01,14,1.7740305348694858,0.4291550555331446,7,7
BTC_D3,M,2022-02,10,0.4424207261365024,-0.49605139613148663,2,8
BTC_D3,M,2022-03,10,1.1709742611179075,0.11442917815072107,4,6
BTC_D3,M,2022-04,7,1.3460980770596274,0.21709195590849492,3,4
BTC_D3,M,2022-05,17,0.7543308274886109,-0.18937119920682785,5,12
BTC_D3,M,2022-06,13,1.1615541214851448,0.10547644780767841,5,8
BTC_D3,M,2022-07,6,0.8959382644613959,-0.0764864131562214,2,4
BTC_D3,M,2022-08,12,0.8473500914689164,-0.1177363576614872,4,8
BTC_D3,M,2022-09,10,0.43647222576810074,-0.5104655722790767,2,8
BTC_D3,M,2022-10,15,1.3664124208840527,0.24363199804128435,7,8
BTC_D3,M,2022-11,8,1.0505639719756674,0.035489935262848715,3,5
BTC_D3,M,2022-12,4,1.3408408260231564,0.2506453484092806,2,2
BTC_D3,M,2023-01,8,2.4406491293829684,0.6884886727408901,5,3
BTC_D3,M,2023-02,7,0.6453156887861813,-0.3086204707083394,2,5
BTC_D3,M,2023-03,5,0.0,-1.1123515082293967,0,5
BTC_D3,M,2023-04,9,2.1699904228356504,0.5764056759944189,5,4
BTC_D3,M,2023-05,11,0.3505393561335651,-0.6499957725793605,2,9
BTC_D3,M,2023-06,9,0.7668159498071355,-0.1943732911792415,3,6
BTC_D3,M,2023-07,14,1.1684910081184892,0.11891094433024414,6,8
BTC_D3,M,2023-08,12,0.48051870258600493,-0.5230292634307816,3,9
BTC_D3,M,2023-09,9,0.7884325069406793,-0.17465063237091646,3,6
BTC_D3,M,2023-10,9,2.0930797875523766,0.5655717069561232,5,4
BTC_D3,M,2023-11,10,1.10404410341273,0.07397177740239894,4,6
BTC_D3,M,2023-12,7,2.2926564828975935,0.6340550001466551,4,3
BTC_D3,M,2024-01,11,0.6237859580196036,-0.32444595017386946,3,8
BTC_D3,M,2024-02,8,0.5737050774267186,-0.36375813616516167,2,6
BTC_D3,M,2024-03,5,0.424922806637592,-0.5232422291658749,1,4
BTC_D3,M,2024-04,9,2.114543066134732,0.5755080884776353,5,4
BTC_D3,M,2024-05,18,0.4800750609220271,-0.47398446517080245,4,14
BTC_D3,M,2024-06,7,0.6661191392877529,-0.28092895276329344,2,5
BTC_D3,M,2024-07,10,1.6142655344115326,0.37157074386361943,5,5
BTC_D3,M,2024-08,6,0.8231163916692458,-0.14143017537187322,2,4
BTC_D3,M,2024-09,12,0.3324191107442679,-0.6566948661446622,2,10
BTC_D3,M,2024-10,13,1.0505491719174596,0.03606394848774956,5,8
BTC_D3,M,2024-11,12,3.2304179937343878,0.9006832203531446,8,4
BTC_D3,M,2024-12,14,1.6659885611437795,0.38960002692006085,7,7
BTC_D3,M,2025-01,10,1.6717357375946207,0.3915027449661208,5,5
BTC_D3,M,2025-02,12,1.2107761283451808,0.1414378516762966,5,7
BTC_D3,M,2025-03,10,2.4254924869208976,0.6919092834487345,6,4
BTC_D3,M,2025-04,12,2.313207610464965,0.650336828485211,7,5
BTC_D3,M,2025-05,15,1.4782255117816678,0.29533627964871934,7,8
BTC_D3,M,2025-06,12,2.237955713780437,0.6176460826482603,7,5
BTC_D3,M,2025-07,19,1.3885334884334624,0.25698750745405796,9,10
BTC_D3,M,2025-08,8,1.4889234118043264,0.3139802614286753,4,4
BTC_D3,M,2025-09,10,1.0744370072904945,0.05319469431182968,4,6
BTC_D3,M,2025-10,11,0.9778934746200418,-0.016008028900400054,4,7
BTC_D3,M,2025-11,9,1.3414809454921817,0.22165267775550881,4,5
BTC_D3,M,2025-12,10,2.5419573480582542,0.7165217498745136,6,4
BTC_D3,M,2026-01,11,1.3668136087669276,0.23631202787485897,5,6
BTC_D3,M,2026-02,9,0.5071805001391566,-0.42129835156302714,2,7
BTC_D3,M,2026-03,16,1.7212939781923395,0.4126584571424755,8,8
BTC_D3,M,2026-04,11,0.9376230925684832,-0.046679023276992776,4,7
BTC_D3,M,2026-05,10,1.6437399108039248,0.3799581331651206,5,5
BTC_D3,M,2026-06,9,0.8213634324246694,-0.139995902575993,3,6
BTC_D3,M,2026-07,11,2.0231506763357863,0.5342523129007546,6,5
BTC_D3,M,2026-08,12,0.3127060543978189,-0.7042315503817488,2,10
BTC_D3,M,2026-09,7,0.2573593440892697,-0.7725058509954,1,6
BTC_D3,Q,2019Q3,23,0.476471707463003,-0.46900674192938135,5,18
BTC_D3,Q,2019Q4,29,0.649177023948938,-0.29252133116836615,8,21
BTC_D3,Q,2020Q1,28,1.3030132358214537,0.1952382325225171,12,16
BTC_D3,Q,2020Q2,32,1.0352020019362598,0.024905083238998857,12,20
BTC_D3,Q,2020Q3,33,1.5050835672536014,0.31496170596584305,16,17
BTC_D3,Q,2020Q4,39,0.779601400097052,-0.17062498364743034,12,27
BTC_D3,Q,2021Q1,39,1.1518517992846604,0.10061228505005361,15,24
BTC_D3,Q,2021Q2,40,1.2184462208950717,0.14168667065615106,16,24
BTC_D3,Q,2021Q3,47,0.7485739602484367,-0.19714984709448446,14,33
BTC_D3,Q,2021Q4,26,2.0890986339699467,0.5526856560250144,14,12
BTC_D3,Q,2022Q1,34,1.09386765853688,0.06446907640165789,13,21
BTC_D3,Q,2022Q2,37,0.9873579478524064,-0.00887764523396733,13,24
BTC_D3,Q,2022Q3,28,0.6929917623007107,-0.24915751763092644,8,20
BTC_D3,Q,2022Q4,27,1.2666443533793985,0.18299929060589545,12,15
BTC_D3,Q,2023Q1,20,0.8569261276373292,-0.11070957270891194,7,13
BTC_D3,Q,2023Q2,29,0.8382368805321685,-0.12798834603573686,10,19
BTC_D3,Q,2023Q3,35,0.7896204656506269,-0.17667010376812026,12,23
BTC_D3,Q,2023Q4,26,1.6755473321747087,0.3949326206790648,13,13
BTC_D3,Q,2024Q1,24,0.5640333459868407,-0.37896590362763466,6,18
BTC_D3,Q,2024Q2,34,0.8026227167447324,-0.15643088959172888,11,23
BTC_D3,Q,2024Q3,28,0.7786733930445501,-0.17904328597610683,9,19
BTC_D3,Q,2024Q4,39,1.7499350315420001,0.4290110346528033,20,19
BTC_D3,Q,2025Q1,32,1.6688945543757598,0.39160545325825347,16,16
BTC_D3,Q,2025Q2,39,1.926982265878481,0.5037394648290371,21,18
BTC_D3,Q,2025Q3,37,1.318964033689288,0.21423112638310268,17,20
BTC_D3,Q,2025Q4,30,1.486829422170367,0.29946677602134386,14,16
BTC_D3,Q,2026Q1,36,1.226048942878024,0.15028562380099475,15,21
BTC_D3,Q,2026Q2,30,1.0956303711545783,0.06753829841401157,12,18
BTC_D3,Q,2026Q3,30,0.6847860043335172,-0.26605147065468276,9,21
BTC_D3,Y,2019,52,0.5697192247551246,-0.370582185928046,13,39
BTC_D3,Y,2020,132,1.1093804125746973,0.07578026597652633,52,80
BTC_D3,Y,2021,152,1.144306415861619,0.09667848806847194,59,93
BTC_D3,Y,2022,126,0.9981018049468016,-0.0013647136770411452,46,80
BTC_D3,Y,2023,110,0.9778219594618216,-0.016736899849483,42,68
BTC_D3,Y,2024,125,0.9709430372901398,-0.021564908712429415,46,79
BTC_D3,Y,2025,138,1.5897645902044886,0.35570846803921496,68,70
BTC_D3,Y,2026,96,0.9922615877297688,-0.005678257399836656,36,60
BTC_D4,M,2019-07,1,inf,1.9759168930382465,1,0
BTC_D4,M,2019-08,3,0.883311738916993,-0.08582938312866095,1,2
BTC_D4,M,2019-09,2,1.6657287747596004,0.39214318807889015,1,1
BTC_D4,M,2019-10,3,0.8460217337001286,-0.1185408685980723,1,2
BTC_D4,M,2019-11,7,0.0,-1.1195848119407241,0,7
BTC_D4,M,2019-12,2,0.0,-1.1444502035611408,0,2
BTC_D4,M,2020-01,7,1.3069099352538385,0.1950162434551111,3,4
BTC_D4,M,2020-02,3,3.5352524596502426,0.9351956192837726,2,1
BTC_D4,M,2020-03,4,0.0,-1.0679715271560595,0,4
BTC_D4,M,2020-04,4,1.7543323245280544,0.42482243618857235,2,2
BTC_D4,M,2020-06,5,1.1369371973391433,0.09282949205471866,2,3
BTC_D4,M,2020-07,5,2.4012960436747375,0.6700950684614583,3,2
BTC_D4,M,2020-08,4,5.269054310481897,1.186167705650302,3,1
BTC_D4,M,2020-09,4,4.926629908021956,1.170820790249818,3,1
BTC_D4,M,2020-10,7,0.2763036970621058,-0.7365080299500458,1,6
BTC_D4,M,2020-11,5,2.7391267314519863,0.7540787368631825,3,2
BTC_D4,M,2020-12,6,0.0,-1.1121159955602755,0,6
BTC_D4,M,2021-01,7,0.30876661248585274,-0.6386601110048752,1,6
BTC_D4,M,2021-02,6,0.36677955850705,-0.5714893725127816,1,5
BTC_D4,M,2021-03,2,1.7888138117226842,0.4379552996611731,1,1
BTC_D4,M,2021-04,4,0.0,-1.1586413163452605,0,4
BTC_D4,M,2021-05,9,0.23282991693168842,-0.728670014428988,1,8
BTC_D4,M,2021-06,3,0.9209450074349322,-0.05654172284926869,1,2
BTC_D4,M,2021-07,6,0.8797450897314939,-0.0899499201855583,2,4
BTC_D4,M,2021-08,6,0.8787679709516851,-0.09036826627729377,2,4
BTC_D4,M,2021-09,7,2.366671923203529,0.6504662903164241,4,3
BTC_D4,M,2021-10,3,0.0,-1.095757881238896,0,3
BTC_D4,M,2021-11,4,5.332282263400344,1.2058368040414116,3,1
BTC_D4,M,2021-12,3,0.9328004990941191,-0.047661382664660946,1,2
BTC_D4,M,2022-01,8,2.8736638721751895,0.7997785436943636,5,3
BTC_D4,M,2022-02,5,0.4292545385667414,-0.5165283632804905,1,4
BTC_D4,M,2022-03,5,2.5849358813461096,0.7249257682241332,3,2
BTC_D4,M,2022-04,3,0.8939588820759832,-0.07810496292431823,1,2
BTC_D4,M,2022-05,9,0.5126186525631212,-0.4155941730796397,2,7
BTC_D4,M,2022-06,7,1.4149885307220575,0.24755811311756282,3,4
BTC_D4,M,2022-07,3,3.8000804367063474,0.9704631048804059,2,1
BTC_D4,M,2022-08,9,0.4813624249909017,-0.4728488190759884,2,7
BTC_D4,M,2022-09,9,1.386854271314968,0.24326031144528468,4,5
BTC_D4,M,2022-10,5,0.0,-1.233206952151808,0,5
BTC_D4,M,2022-11,4,0.5929254157144771,-0.34223374762981934,1,3
BTC_D4,M,2022-12,1,inf,1.9689020796003853,1,0
BTC_D4,M,2023-01,5,4.914425155789898,1.1940352826581335,4,1
BTC_D4,M,2023-02,2,1.6945750286000152,0.4044153660078377,1,1
BTC_D4,M,2023-03,5,0.43928866578714326,-0.5018954360231045,1,4
BTC_D4,M,2023-04,6,3.5577243702702415,0.9251464961212532,4,2
BTC_D4,M,2023-05,1,0.0,-1.1160141250957918,0,1
BTC_D4,M,2023-06,2,0.0,-1.4097044891329482,0,2
BTC_D4,M,2023-07,5,0.3914985561668086,-0.6091480017976838,1,4
BTC_D4,M,2023-08,6,0.7403348249098488,-0.227822326118119,2,4
BTC_D4,M,2023-09,4,1.3633705980017266,0.2618441599104432,2,2
BTC_D4,M,2023-10,4,4.672542695647962,1.1548175687311715,3,1
BTC_D4,M,2023-11,6,3.3183736336182323,0.903204447899598,4,2
BTC_D4,M,2023-12,3,3.2744222243753653,0.9078484435361623,2,1
BTC_D4,M,2024-01,3,0.8942318286813277,-0.0780611915761827,1,2
BTC_D4,M,2024-02,6,0.3286767429034469,-0.6468785733515912,1,5
BTC_D4,M,2024-03,3,0.9076438782574394,-0.06600097537992584,1,2
BTC_D4,M,2024-04,4,4.792178059045834,1.1696777474863025,3,1
BTC_D4,M,2024-05,11,0.6289868546744211,-0.3168276833889491,3,8
BTC_D4,M,2024-06,4,0.5521059931338779,-0.39753843603625816,1,3
BTC_D4,M,2024-07,4,1.6150796540914565,0.3736847430682357,2,2
BTC_D4,M,2024-08,4,0.5325066617545556,-0.43504758918911657,1,3
BTC_D4,M,2024-09,5,0.4050162813928747,-0.5768210826630048,1,4
BTC_D4,M,2024-10,8,1.0419085584873962,0.02938232334502483,3,5
BTC_D4,M,2024-11,6,7.882889188792615,1.423595541784202,5,1
BTC_D4,M,2024-12,4,0.5386388100243535,-0.41039365918404475,1,3
BTC_D4,M,2025-01,7,2.4127112297043762,0.6538611333200409,4,3
BTC_D4,M,2025-02,8,1.7348633740791806,0.4130679147289692,4,4
BTC_D4,M,2025-03,2,inf,1.9710131229558319,2,0
BTC_D4,M,2025-04,5,1.0462579142311572,0.03456016160695059,2,3
BTC_D4,M,2025-05,6,0.8588448424895514,-0.10686749750027084,2,4
BTC_D4,M,2025-06,7,2.143497327124854,0.5893226455129097,4,3
BTC_D4,M,2025-07,8,1.6002764057680623,0.3649278841823954,4,4
BTC_D4,M,2025-08,7,1.1282000237585736,0.09414325049855167,3,4
BTC_D4,M,2025-09,6,3.287861002827342,0.890482334084739,4,2
BTC_D4,M,2025-10,5,1.1160270122400455,0.08112867168848062,2,3
BTC_D4,M,2025-11,4,1.6441510859283375,0.3811957088855945,2,2
BTC_D4,M,2025-12,7,1.2498006886330293,0.16896443986754978,3,4
BTC_D4,M,2026-01,5,2.420809060737778,0.6599613152715562,3,2
BTC_D4,M,2026-02,2,1.644787257651437,0.37985530882501317,1,1
BTC_D4,M,2026-03,12,3.43684827716028,0.9307345129753616,8,4
BTC_D4,M,2026-04,5,0.40247149680520744,-0.5655430119815759,1,4
BTC_D4,M,2026-05,2,inf,1.9351918187312274,2,0
BTC_D4,M,2026-06,4,0.5456682879660445,-0.4038278762544793,1,3
BTC_D4,M,2026-07,2,1.7031992278158772,0.40477360674643104,1,1
BTC_D4,M,2026-08,6,0.7609659754834949,-0.20129534414931594,2,4
BTC_D4,M,2026-09,4,0.0,-1.219604854164284,0,4
BTC_D4,Q,2019Q3,6,1.739415750361134,0.4171191866350073,3,3
BTC_D4,Q,2019Q4,12,0.15712532399356796,-0.8734680580417974,1,11
BTC_D4,Q,2020Q1,14,0.9897027317325846,-0.00722753904193872,5,9
BTC_D4,Q,2020Q2,9,1.3834386903322968,0.24038191166976475,4,5
BTC_D4,Q,2020Q3,13,3.7216572118922238,0.9829561019929056,9,4
BTC_D4,Q,2020Q4,18,0.49526709796313434,-0.44765880548311454,4,14
BTC_D4,Q,2021Q1,15,0.4594321560187797,-0.4682430941858978,3,12
BTC_D4,Q,2021Q2,16,0.2587551010626809,-0.7101387852368588,2,14
BTC_D4,Q,2021Q3,19,1.2824053392615151,0.1827028901809399,8,11
BTC_D4,Q,2021Q4,10,1.213389760050602,0.13930894244549757,4,6
BTC_D4,Q,2022Q1,18,1.7275228438132357,0.41334529857072894,9,9
BTC_D4,Q,2022Q2,19,0.8405560002823083,-0.11798713971930376,6,13
BTC_D4,Q,2022Q3,21,1.0567004330933638,0.040242511712613525,8,13
BTC_D4,Q,2022Q4,10,0.41587481125229764,-0.5566067671677933,2,8
BTC_D4,Q,2023Q1,12,1.5958707484826364,0.3557941637659017,6,6
BTC_D4,Q,2023Q2,9,1.2645831437011785,0.17949509704064778,4,5
BTC_D4,Q,2023Q3,15,0.7441212637810424,-0.22435315507035744,5,10
BTC_D4,Q,2023Q4,13,3.662772701743634,0.9816955609946738,9,4
BTC_D4,Q,2024Q1,12,0.5745908837681616,-0.3594548284148226,3,9
BTC_D4,Q,2024Q2,19,0.9720299145699712,-0.020870909025171688,7,12
BTC_D4,Q,2024Q3,13,0.7154924857637427,-0.24073513829219598,4,9
BTC_D4,Q,2024Q4,18,1.6855396278907078,0.3963920667071795,9,9
BTC_D4,Q,2025Q1,17,2.52824767039405,0.6955057351166885,10,7
BTC_D4,Q,2025Q2,18,1.307667645999953,0.20315857453463865,8,10
BTC_D4,Q,2025Q3,21,1.7230055432307352,0.4248247538789265,11,10
BTC_D4,Q,2025Q4,16,1.2937511069736531,0.19457357956610188,7,9
BTC_D4,Q,2026Q1,19,2.8837568427217293,0.8014911236690604,12,7
BTC_D4,Q,2026Q2,11,0.9309045559524449,-0.05205844795121283,4,7
BTC_D4,Q,2026Q3,12,0.5238705921833204,-0.4397203556716809,3,9
BTC_D4,Y,2019,18,0.4956535012321975,-0.44327230981619586,4,14
BTC_D4,Y,2020,54,1.187742461322972,0.12560782380837868,22,32
BTC_D4,Y,2021,60,0.7131775521047705,-0.2253570439780896,17,43
BTC_D4,Y,2022,68,1.0098005859615162,0.007021835204313242,25,43
BTC_D4,Y,2023,49,1.489555131949583,0.31187205725371536,24,25
BTC_D4,Y,2024,62,0.9845925527703288,-0.011362980798797603,23,39
BTC_D4,Y,2025,72,1.6465030911485585,0.38215206865447615,36,36
BTC_D4,Y,2026,42,1.3416262955129703,0.22331057509972943,19,23
XRP_D3,M,2024-09,4,1.6886972313329895,0.3995651876072822,2,2
XRP_D3,M,2024-10,12,1.2513224336502935,0.16316791388033822,5,7
XRP_D3,M,2024-11,12,1.340594893359463,0.20955806642999816,5,7
XRP_D3,M,2024-12,10,0.4633119638865536,-0.45892699009936483,2,8
XRP_D3,M,2025-01,11,0.1848703360357712,-0.7982257730779068,1,10
XRP_D3,M,2025-02,13,1.1712028438482498,0.11105727996011917,5,8
XRP_D3,M,2025-03,9,0.9030494630433753,-0.07077621218044904,3,6
XRP_D3,M,2025-04,12,2.5193710735269,0.6904090372085504,7,5
XRP_D3,M,2025-05,13,1.5119525392613091,0.3068442396065485,6,7
XRP_D3,M,2025-06,15,1.9508772091569255,0.5086976232967019,8,7
XRP_D3,M,2025-07,14,0.13724225178272284,-0.892096171231512,1,13
XRP_D3,M,2025-08,12,2.4550380990537826,0.6784742694264841,7,5
XRP_D3,M,2025-09,10,2.65878936173586,0.7372103004332053,6,4
XRP_D3,M,2025-10,15,0.12547694598813802,-0.9078301496355207,1,14
XRP_D3,M,2025-11,13,2.128598017811663,0.5648693331094091,7,6
XRP_D3,M,2025-12,20,2.549575322475921,0.7176479976940756,12,8
XRP_D3,M,2026-01,8,1.7287339589643276,0.41287008344328696,4,4
XRP_D3,M,2026-02,10,0.7816515095195474,-0.1650184644752938,3,7
XRP_D3,M,2026-03,15,1.5644784512413912,0.3300981095041679,7,8
XRP_D3,M,2026-04,12,0.8316448570571464,-0.13017207173478687,4,8
XRP_D3,M,2026-05,14,1.720868770902253,0.40531321351671984,7,7
XRP_D3,M,2026-06,13,0.320326171317859,-0.6402665761668017,2,11
XRP_D3,M,2026-07,10,1.673520641841603,0.39222173705120245,5,5
XRP_D3,M,2026-08,10,0.7380468694323168,-0.20698804224374978,3,7
XRP_D3,M,2026-09,5,2.645482458256661,0.7323320395794972,3,2
XRP_D3,Q,2024Q3,4,1.6886972313329895,0.3995651876072822,2,2
XRP_D3,Q,2024Q4,34,0.9950871570800942,-0.0034281805079297402,12,22
XRP_D3,Q,2025Q1,33,0.6906417192348031,-0.24162802345452933,9,24
XRP_D3,Q,2025Q2,40,1.9358295976108986,0.4976086977709566,21,19
XRP_D3,Q,2025Q3,36,1.1233669879607882,0.08401244000579705,14,22
XRP_D3,Q,2025Q4,48,1.2577764283673136,0.16830852166189622,20,28
XRP_D3,Q,2026Q1,33,1.3165713087382012,0.2001287171319963,14,19
XRP_D3,Q,2026Q2,39,0.8567454802923926,-0.10797808619876381,13,26
XRP_D3,Q,2026Q3,25,1.3456952576064383,0.22055988583888053,11,14
XRP_D3,Y,2024,38,1.0568881485393533,0.03899217403051362,14,24
XRP_D3,Y,2025,157,1.223846182611517,0.14671261157209242,64,93
XRP_D3,Y,2026,97,1.1194272459764705,0.08151648917088765,38,59
NDX_D4,M,2026-06,4,0.5235496948826951,-0.4392678987101064,1,3
NDX_D4,M,2026-07,3,0.805768777147095,-0.15219565916787317,1,2
NDX_D4,M,2026-08,1,inf,1.8598977602097453,1,0
NDX_D4,M,2026-09,1,inf,1.816658057126035,1,0
NDX_D4,Q,2026Q2,4,0.5235496948826951,-0.4392678987101064,1,3
NDX_D4,Q,2026Q3,5,2.3697685569753077,0.6439937679664322,3,2
NDX_D4,Y,2026,9,1.242258587378676,0.16254413833241502,4,5
