bucket_start_utc,observed_at_utc,exchange_ts_ms,symbol,last_price,mark_price,bid_price,ask_price,spread_bps,open_interest_base,open_interest_notional_usdt,funding_rate,base_volume_24h,quote_volume_24h
2026-09-24T02:15:00+00:00,2026-09-24T02:26:51.639102+00:00,1790216811932,BNBUSDT,766.9,766.92,766.9,766.91,0.1303942470057035,93660.95000000003,71828582.55500002,5.5e-05,23006.19,17842132.7226
2026-09-24T02:15:00+00:00,2026-09-24T02:26:51.639102+00:00,1790216811932,BTCUSDT,84080.7,84082.5,84080.6,84080.7,0.011893342878684793,32651.427600000014,2745354888.6073213,6e-05,38348.0727,3260601291.73105
2026-09-24T02:15:00+00:00,2026-09-24T02:26:51.639102+00:00,1790216811932,DOGEUSDT,0.09293,0.09294,0.09295,0.09296,1.075789360442808,1274182714.0,118409799.61202,7.9e-05,1881563124.0,182721012.96984
2026-09-24T02:15:00+00:00,2026-09-24T02:26:51.639102+00:00,1790216811932,ETHUSDT,2676.94,2677.25,2677.15,2677.16,0.037353085644139146,782932.5599999994,2095863487.1663983,7.4e-05,729174.37,1969302669.038
2026-09-24T02:15:00+00:00,2026-09-24T02:26:51.639102+00:00,1790216811932,INITUSDT,0.0898,0.08978,0.0897,0.08986,17.82134105591373,5089121.0,457003.06580000004,5e-05,2204668.0,197749.46701
2026-09-24T02:15:00+00:00,2026-09-24T02:26:51.639102+00:00,1790216811932,METISUSDT,3.356,3.364,3.362,3.367,14.861049190072503,55745.33000000003,187081.3274800001,5e-05,109050.86,375940.6796
2026-09-24T02:15:00+00:00,2026-09-24T02:26:51.639102+00:00,1790216811932,NILUSDT,0.13294,0.13294,0.13267,0.13279,9.040910118283826,36743032.0,4884618.67408,5e-05,524346194.0,56911354.20308
2026-09-24T02:15:00+00:00,2026-09-24T02:26:51.639102+00:00,1790216811932,PEPEUSDT,4.3551e-06,4.3551e-06,4.3568e-06,4.3573e-06,1.1475654399178397,8438854906030.0,36752057.00125125,2e-05,16788419750000.0,77893980.1528658
2026-09-24T02:15:00+00:00,2026-09-24T02:26:51.639102+00:00,1790216811932,SOLUSDT,114.778,114.778,114.777,114.778,0.08712508984816492,3966381.999999958,455253393.1959952,1.1e-05,2394024.5,277111410.939
2026-09-24T02:15:00+00:00,2026-09-24T02:26:51.639102+00:00,1790216811932,SUIUSDT,0.9571,0.9573,0.9571,0.9572,1.044768322625503,63934164.6,61191388.938659996,-3.7e-05,78919690.6,77435920.60793
2026-09-24T02:15:00+00:00,2026-09-24T02:26:51.639102+00:00,1790216811932,WIFUSDT,0.238,0.238,0.2379,0.238,4.20256356377344,28305598.199999996,6736732.371599998,2.4e-05,32395736.2,7701958.20489
2026-09-24T02:15:00+00:00,2026-09-24T02:26:51.639102+00:00,1790216811932,XRPUSDT,1.4954,1.4955,1.4953,1.4954,0.6687397599223524,170323087.0,254701144.2998,2.1e-05,275258652.0,429750040.7438
2026-09-24T02:15:00+00:00,2026-09-24T02:26:51.639102+00:00,1790216811933,龙虾USDT,0.150621,0.150621,0.150456,0.150621,10.960651261969426,277248749.0,41759483.823129,5e-05,55080244.0,9863402.302402
2026-09-24T02:30:00+00:00,2026-09-24T02:40:26.368732+00:00,1790217626775,BNBUSDT,771.4,771.4,771.33,771.34,0.12964535513092112,93437.03000000003,72077324.94200002,5.5e-05,23881.56,18514618.8456
2026-09-24T02:30:00+00:00,2026-09-24T02:40:26.368732+00:00,1790217626775,BTCUSDT,84227.8,84239.1,84227.7,84227.8,0.011872571688763,32655.033900000017,2750461664.3224216,6.1e-05,38448.0897,3268849498.3064
2026-09-24T02:30:00+00:00,2026-09-24T02:40:26.368732+00:00,1790217626775,DOGEUSDT,0.09334,0.09334,0.09333,0.09334,1.07140943911823,1274982806.0,119006895.11204001,8.1e-05,1880219457.0,182568481.18519
2026-09-24T02:30:00+00:00,2026-09-24T02:40:26.368732+00:00,1790217626775,ETHUSDT,2680.39,2680.65,2680.39,2680.4,0.037307934092617984,782813.3299999994,2098245021.5986981,7.3e-05,729324.42,1969603197.6798
2026-09-24T02:30:00+00:00,2026-09-24T02:40:26.368732+00:00,1790217626776,INITUSDT,0.08959,0.08955,0.08949,0.08965,17.863123813776205,5088137.0,455846.19383,5e-05,2206988.0,197956.7434
2026-09-24T02:30:00+00:00,2026-09-24T02:40:26.368732+00:00,1790217626776,METISUSDT,3.344,3.344,3.341,3.347,17.942583732056764,55284.05000000003,184869.8632000001,5e-05,110437.4,380583.79035
2026-09-24T02:30:00+00:00,2026-09-24T02:40:26.368732+00:00,1790217626776,NILUSDT,0.13517,0.13525,0.13521,0.13527,4.43655723158862,36700266.0,4960774.955220001,5e-05,527775198.0,57444533.48214
2026-09-24T02:30:00+00:00,2026-09-24T02:40:26.368732+00:00,1790217626776,PEPEUSDT,4.3658e-06,4.3661e-06,4.365e-06,4.3658e-06,1.8325926604665326,8470073985200.0,36978649.00458616,1.7e-05,16847260324000.0,78142953.9073924
2026-09-24T02:30:00+00:00,2026-09-24T02:40:26.368732+00:00,1790217626775,SOLUSDT,114.929,114.933,114.919,114.92,0.08701743394330595,3967370.999999958,455965981.6589952,1e-05,2399128.8,277685707.9747
2026-09-24T02:30:00+00:00,2026-09-24T02:40:26.368732+00:00,1790217626776,SUIUSDT,0.9602,0.9602,0.9599,0.96,1.0417209229646232,63950717.7,61405479.13554001,-3.4e-05,78816387.2,77324201.63917
2026-09-24T02:30:00+00:00,2026-09-24T02:40:26.368732+00:00,1790217626776,WIFUSDT,0.2411,0.2412,0.2411,0.2413,8.291873963514842,28145625.999999993,6785910.428599998,3.3e-05,32724241.7,7779457.49357
2026-09-24T02:30:00+00:00,2026-09-24T02:40:26.368732+00:00,1790217626775,XRPUSDT,1.5,1.5001,1.4999,1.5,0.6666888896295808,170394000.0,255591000.0,2.2e-05,274538546.0,428554114.5073
2026-09-24T02:30:00+00:00,2026-09-24T02:40:26.368732+00:00,1790217626777,龙虾USDT,0.15107,0.150948,0.15073,0.150836,7.029970222106933,277205993.0,41877509.36251,5e-05,55306931.0,9898278.927164
2026-09-24T02:45:00+00:00,2026-09-24T02:53:09.307764+00:00,1790218389804,BNBUSDT,772.3,772.3,772.0,772.01,0.12953283981309585,93268.23000000004,72031054.02900003,5.9e-05,24099.27,18681193.42
2026-09-24T02:45:00+00:00,2026-09-24T02:53:09.307764+00:00,1790218389804,BTCUSDT,84298.9,84298.9,84298.4,84298.5,0.011862614319221856,32649.757200000015,2752338617.227081,6.2e-05,38586.4037,3280411272.34291
2026-09-24T02:45:00+00:00,2026-09-24T02:53:09.307764+00:00,1790218389804,DOGEUSDT,0.0938,0.0938,0.0938,0.09381,1.0660412557976655,1273796326.0,119482095.37879999,8e-05,1880363034.0,182538714.27994
2026-09-24T02:45:00+00:00,2026-09-24T02:53:09.307764+00:00,1790218389804,ETHUSDT,2683.8,2683.8,2683.85,2683.86,0.037259837063545825,782075.9099999993,2098935327.2579985,7.4e-05,730734.86,1973282551.1504
2026-09-24T02:45:00+00:00,2026-09-24T02:53:09.307764+00:00,1790218389805,INITUSDT,0.08976,0.08976,0.08973,0.08985,13.364517206815357,5087779.0,456679.04304,5e-05,2195087.0,196887.83434
2026-09-24T02:45:00+00:00,2026-09-24T02:53:09.307764+00:00,1790218389804,METISUSDT,3.366,3.362,3.359,3.364,14.874312063066766,53787.990000000034,181050.37434000013,5e-05,110549.67,380959.03225
2026-09-24T02:45:00+00:00,2026-09-24T02:53:09.307764+00:00,1790218389805,NILUSDT,0.13544,0.13544,0.13523,0.13536,9.608632987177574,36486856.0,4941779.77664,5e-05,532409579.0,58174010.121
2026-09-24T02:45:00+00:00,2026-09-24T02:53:09.307764+00:00,1790218389804,PEPEUSDT,4.3889e-06,4.3869e-06,4.3888e-06,4.3889e-06,0.22785012018950807,8436717378200.0,37027908.90118197,1.3e-05,16894270234000.0,78334930.3813821
2026-09-24T02:45:00+00:00,2026-09-24T02:53:09.307764+00:00,1790218389804,SOLUSDT,115.139,115.143,115.139,115.14,0.08685116749723377,3966594.899999958,456709770.1910952,1e-05,2405260.3,278370528.9811
2026-09-24T02:45:00+00:00,2026-09-24T02:53:09.307764+00:00,1790218389804,SUIUSDT,0.9711,0.9713,0.9712,0.9713,1.0296010296020592,64030428.0,62179948.6308,-2.8e-05,78979433.3,77476106.30648
2026-09-24T02:45:00+00:00,2026-09-24T02:53:09.307764+00:00,1790218389804,WIFUSDT,0.2503,0.2503,0.2502,0.2503,3.9960039960057747,28189905.499999996,7055933.34665,4.6e-05,35044011.7,8356867.2808
2026-09-24T02:45:00+00:00,2026-09-24T02:53:09.307764+00:00,1790218389804,XRPUSDT,1.5038,1.5038,1.5037,1.5038,0.6650041562759035,170987231.0,257130597.9778,2.2e-05,274929541.0,429033027.7154
2026-09-24T02:45:00+00:00,2026-09-24T02:53:09.307764+00:00,1790218389805,龙虾USDT,0.149123,0.149128,0.149014,0.149186,11.535881958417537,277188757.0,41335219.010111004,5e-05,55317887.0,9901803.484665
