symbol,candles_15m
1MBABYDOGEUSDT,11520
1MCHEEMSUSDT,11520
AAVEUSDT,11520
ADAUSDT,11520
AEONUSDT,5515
AEROUSDT,11520
AKTUSDT,11520
ALCHUSDT,11520
ALLOUSDT,11520
ANKRUSDT,11520
ARKMUSDT,11520
ARKUSDT,11520
ASRUSDT,11520
ASTERUSDT,11520
ATOMUSDT,11520
ATUSDT,11520
B2USDT,11520
BANANAUSDT,11520
BARDUSDT,11520
BEATUSDT,11520
BNBUSDT,11520
BOMEUSDT,11520
BRETTUSDT,11520
BROCCOLIUSDT,11520
BTCUSDT,11520
BUSDT,11520
CCUSDT,11520
CGPTUSDT,11520
CHILLGUYUSDT,11520
CHRUSDT,11520
COMPUSDT,11520
CPUSDT,1953
CVCUSDT,11520
DEXEUSDT,11520
DIAUSDT,11520
DOGEUSDT,11520
DOODUSDT,11520
DRIFTUSDT,11520
EGLDUSDT,11520
ENSOUSDT,11520
ENSUSDT,11520
ERAUSDT,11520
ETCUSDT,11520
ETHUSDT,11520
FLUXUSDT,11520
FOLKSUSDT,11520
GUNUSDT,11520
GUSDT,11520
HOMEUSDT,11520
HYPERUSDT,11520
HYPEUSDT,11520
ICPUSDT,11520
INITUSDT,11520
JASMYUSDT,11520
JSTUSDT,11520
KATUSDT,11520
KAVAUSDT,11520
KITEUSDT,11520
LAUSDT,11520
LTCUSDT,11520
MARSCOINUSDT,2072
METISUSDT,11520
NAORISUSDT,11520
NILUSDT,11520
OGNUSDT,11520
OPGUSDT,11520
OPUSDT,11520
PARTIUSDT,11520
PEPEUSDT,11520
PROMUSDT,11520
PROSUSDT,11520
RESOLVUSDT,11520
ROBOUSDT,11520
SFPUSDT,11520
SKYUSDT,11520
SOLUSDT,11520
SPELLUSDT,11520
SQDUSDT,11520
SUIUSDT,11520
SUSDT,11520
TNSRUSDT,11520
TOWNSUSDT,11520
TRBUSDT,11520
TRUMPUSDT,11520
TRXUSDT,11520
TUSDT,11520
UAIUSDT,11520
UMAUSDT,11520
VANAUSDT,11520
VELODROMEUSDT,11520
VELVETUSDT,11520
WAXPUSDT,11520
WETUSDT,11520
WIFUSDT,11520
XRPUSDT,11520
XVSUSDT,11520
YGGUSDT,11520
ZILUSDT,11520
哈基米USDT,1580
龙虾USDT,11520
