symbol,variant,candles,trades,profit_factor,expectancy_r,win_rate,total_return_pct,max_drawdown_pct,longs,shorts,filled,expired
BTCUSDT,1h_d3_e24,2880,29,0.7094254016543314,-0.21615371744969375,31.03448275862069,-13.489189259526736,-24.138435739319927,19,10,29,22
BTCUSDT,1h_d4_e24,2880,11,0.34932369998422574,-0.6416182934867222,18.181818181818183,-13.526722492314057,-14.164425572105136,6,5,11,10
BTCUSDT,15m_d3_e24,11520,93,0.7938647086345404,-0.13535504475182253,36.55913978494624,-25.63260883688424,-39.32872952794299,42,51,93,52
BTCUSDT,15m_d4_e24,11520,54,0.7094918142568826,-0.241950706566811,33.333333333333336,-24.830119466494104,-30.723569154878287,28,26,54,33
BTCUSDT,15m_d12_e96,11520,0,,,,,,0,0,0,1
BTCUSDT,15m_d16_e96,11520,0,,,,,,0,0,0,0
ETHUSDT,1h_d3_e24,2880,39,1.0401301969249823,0.0508738183768719,38.46153846153846,2.2492706024996645,-17.872716598595378,21,18,39,21
ETHUSDT,1h_d4_e24,2880,23,0.6109738162391352,-0.3306289108946382,26.08695652173913,-14.878864329535624,-19.86678869850534,11,12,23,12
ETHUSDT,15m_d3_e24,11520,116,1.3391546428264711,0.24950731085259142,47.41379310344828,66.5786496191763,-15.698296230350984,53,63,116,64
ETHUSDT,15m_d4_e24,11520,55,1.1397536194743585,0.12555356955227226,43.63636363636363,11.463696879527596,-19.383986851264584,29,26,55,38
ETHUSDT,15m_d12_e96,11520,0,,,,,,0,0,0,0
ETHUSDT,15m_d16_e96,11520,0,,,,,,0,0,0,0
SOLUSDT,1h_d3_e24,2880,45,0.8594579689808874,-0.0939765190890925,33.333333333333336,-9.824130852405744,-22.590205133505474,23,22,45,17
SOLUSDT,1h_d4_e24,2880,22,0.9986359476669081,0.020271841862376808,36.36363636363637,0.38954051991983984,-11.306305896130455,13,9,23,8
SOLUSDT,15m_d3_e24,11520,142,0.9331807757536483,-0.02011603928951199,38.732394366197184,-10.325916602527252,-36.158126300775244,64,78,143,70
SOLUSDT,15m_d4_e24,11520,72,0.8467054234863086,-0.11931749969493609,34.72222222222222,-16.397501688343375,-31.28414334030088,33,39,73,39
SOLUSDT,15m_d12_e96,11520,0,,,,,,0,0,0,0
SOLUSDT,15m_d16_e96,11520,0,,,,,,0,0,0,0
XRPUSDT,1h_d3_e24,2880,32,0.8755987950682429,-0.06688210898698499,34.375,-5.48438154341524,-21.979432654008175,17,15,32,18
XRPUSDT,1h_d4_e24,2880,16,0.5584168477409068,-0.35628502921491895,25.0,-11.31967458860964,-14.554495569964443,7,9,16,10
XRPUSDT,15m_d3_e24,11520,111,0.8652576232249379,-0.0733036280008361,36.93693693693694,-17.994873075889483,-45.94813519889556,49,62,111,63
XRPUSDT,15m_d4_e24,11520,54,0.6879558358946803,-0.2372524917236714,31.48148148148148,-24.45152922141539,-38.305505449928766,30,24,54,44
XRPUSDT,15m_d12_e96,11520,0,,,,,,0,0,0,0
XRPUSDT,15m_d16_e96,11520,0,,,,,,0,0,0,0
DOGEUSDT,1h_d3_e24,2880,34,1.1961269853922532,0.15308662081325308,41.1764705882353,9.259154985641072,-12.594474562643251,20,14,34,16
DOGEUSDT,1h_d4_e24,2880,16,0.9973058631435425,0.02037673663836692,37.5,-0.0629213442746468,-13.875197712495831,9,7,16,7
DOGEUSDT,15m_d3_e24,11520,104,1.3905867585030909,0.22818045892625965,46.15384615384615,52.618256848356594,-24.25588849499276,57,47,104,65
DOGEUSDT,15m_d4_e24,11520,54,1.206660190541372,0.16837769405070377,44.44444444444444,16.7522001556889,-14.068554560145788,30,24,54,40
DOGEUSDT,15m_d12_e96,11520,0,,,,,,0,0,0,0
DOGEUSDT,15m_d16_e96,11520,0,,,,,,0,0,0,0
BNBUSDT,1h_d3_e24,2880,40,0.8519574621939588,-0.08689358184786736,35.0,-8.349574371681289,-21.700971324551876,20,20,40,23
BNBUSDT,1h_d4_e24,2880,14,0.42405466282532933,-0.495462649874614,21.428571428571427,-13.408577361607342,-18.99191317417562,7,7,14,14
BNBUSDT,15m_d3_e24,11520,91,0.41680423844282055,-0.5414267864994037,25.274725274725274,-63.634579312087865,-66.27250149895659,50,41,92,46
BNBUSDT,15m_d4_e24,11520,47,0.8492623621585278,-0.10062626007161338,38.297872340425535,-9.97251541877574,-25.489686762855467,26,21,47,34
BNBUSDT,15m_d12_e96,11520,0,,,,,,0,0,0,1
BNBUSDT,15m_d16_e96,11520,0,,,,,,0,0,0,0
SUIUSDT,1h_d3_e24,2880,41,1.3351713252578852,0.25432746887967606,43.90243902439025,20.85110018843612,-18.32438376498552,20,21,41,17
SUIUSDT,1h_d4_e24,2880,24,1.2453863060532369,0.18397539701603735,41.666666666666664,8.035074871283676,-11.050138089520965,12,12,24,10
SUIUSDT,15m_d3_e24,11520,136,1.0368925877233706,0.04371260392712726,39.705882352941174,7.859298823497385,-36.29450756735884,70,66,137,82
SUIUSDT,15m_d4_e24,11520,64,1.4646463489746797,0.298577125446867,46.875,43.59604207333989,-10.726098822077283,33,31,65,45
SUIUSDT,15m_d12_e96,11520,0,,,,,,0,0,0,0
SUIUSDT,15m_d16_e96,11520,0,,,,,,0,0,0,0
PEPEUSDT,1h_d3_e24,2880,37,0.7644498634787767,-0.1799254602796292,29.72972972972973,-13.738471060377833,-28.26399190659144,16,21,37,12
PEPEUSDT,1h_d4_e24,2880,20,0.9519917074923447,-0.014127889564448515,35.0,-1.3972716900897963,-15.851250510190255,8,12,20,7
PEPEUSDT,15m_d3_e24,11520,135,1.0429985185742132,0.050832506568199744,39.25925925925926,9.469428849262652,-39.88085302193782,75,60,136,68
PEPEUSDT,15m_d4_e24,11520,86,1.3865622565288966,0.24604607252232047,45.348837209302324,45.789156410881034,-16.03949819462237,41,45,86,38
PEPEUSDT,15m_d12_e96,11520,0,,,,,,0,0,0,0
PEPEUSDT,15m_d16_e96,11520,0,,,,,,0,0,0,0
WIFUSDT,1h_d3_e24,2880,40,0.9524065996457899,-0.01413421727848344,35.0,-2.7792765473895864,-11.056859552546875,20,20,40,18
WIFUSDT,1h_d4_e24,2880,21,1.6102727569595139,0.3644119075962055,47.61904761904762,15.356309037133254,-16.849525785451007,9,12,21,6
WIFUSDT,15m_d3_e24,11520,115,1.1491272549323108,0.13082422851159015,41.73913043478261,27.947981338252113,-20.11890933813138,64,51,115,52
WIFUSDT,15m_d4_e24,11520,48,1.1339860715986,0.12268007930359305,41.666666666666664,10.143505149565812,-22.851583041615907,25,23,48,36
WIFUSDT,15m_d12_e96,11520,0,,,,,,0,0,0,0
WIFUSDT,15m_d16_e96,11520,0,,,,,,0,0,0,0
龙虾USDT,1h_d3_e24,2880,33,1.5673032256764483,0.3015154943999332,42.42424242424242,20.271788553737522,-10.997717384033244,15,18,33,14
龙虾USDT,1h_d4_e24,2880,14,0.3144449106767472,-0.5848189824080744,14.285714285714286,-15.448032995158423,-15.912848994452064,3,11,14,12
龙虾USDT,15m_d3_e24,11520,128,0.9604135714455484,-0.009246403608037843,34.375,-7.312207950033322,-24.130262667022993,44,84,128,54
龙虾USDT,15m_d4_e24,11520,50,1.2057478190484254,0.15873385001586143,40.0,14.63707050409917,-11.642306429817486,17,33,50,35
龙虾USDT,15m_d12_e96,11520,1,inf,1.983009175412643,100.0,3.9660183508252844,-1.6403055260666746,0,1,1,0
龙虾USDT,15m_d16_e96,11520,0,,,,,,0,0,0,1
NILUSDT,1h_d3_e24,2880,29,0.962700875005469,-0.007038314670225134,34.48275862068966,-1.5936766471204789,-14.45190017319648,8,21,29,18
NILUSDT,1h_d4_e24,2880,11,1.5205625414063084,0.32452959108107304,45.45454545454545,6.84616729478289,-6.984581499016638,6,5,11,11
NILUSDT,15m_d3_e24,11520,101,0.8720032386663328,-0.07775756772285668,33.663366336633665,-18.924919393067352,-39.17155187360843,60,41,101,54
NILUSDT,15m_d4_e24,11520,53,0.7592992265455205,-0.1694125203747367,30.18867924528302,-18.18510420807896,-34.600777121283976,28,25,53,32
NILUSDT,15m_d12_e96,11520,0,,,,,,0,0,0,0
NILUSDT,15m_d16_e96,11520,0,,,,,,0,0,0,0
INITUSDT,1h_d3_e24,2880,15,0.13504907425157633,-0.8614985962015719,6.666666666666667,-23.08270201444883,-23.08270201444883,5,10,15,30
INITUSDT,1h_d4_e24,2880,15,0.4419928280802513,-0.45607627677472773,20.0,-13.227317953877836,-14.665197243880753,3,12,15,7
INITUSDT,15m_d3_e24,11520,40,1.1467724239222368,0.14305779331049354,42.5,9.336443441552355,-20.378098669191502,24,16,40,40
INITUSDT,15m_d4_e24,11520,20,0.4128362704137807,-0.5780890447603303,20.0,-21.25602369751437,-26.143336801647145,10,10,20,21
INITUSDT,15m_d12_e96,11520,0,,,,,,0,0,0,0
INITUSDT,15m_d16_e96,11520,0,,,,,,0,0,0,0
METISUSDT,1h_d3_e24,2880,16,1.7101502555313102,0.42776953195587475,50.0,13.745266502132058,-4.957968221260569,9,7,16,9
METISUSDT,1h_d4_e24,2880,8,5.424941816324482,1.2157560952041426,75.0,20.861449647184305,-3.4737317694842536,2,6,8,7
METISUSDT,15m_d3_e24,11520,23,0.42023814886916017,-0.5335869046314033,21.73913043478261,-22.4804145105014,-29.998016474609297,13,10,23,18
METISUSDT,15m_d4_e24,11520,5,0.988340050661794,-0.01575815699625003,40.0,-0.08660015312303981,-8.514052350850772,2,3,5,11
METISUSDT,15m_d12_e96,11520,0,,,,,,0,0,0,0
METISUSDT,15m_d16_e96,11520,0,,,,,,0,0,0,0
KATUSDT,1h_d3_e24,2880,30,1.5507482202637028,0.3364075375140835,46.666666666666664,20.592349186533166,-17.199972888004105,12,18,30,21
KATUSDT,1h_d4_e24,2880,14,0.6986956585170493,-0.21835211960359205,28.571428571428573,-6.448246405180546,-10.100567577462597,6,8,14,12
KATUSDT,15m_d3_e24,11520,56,1.0624792904229896,0.06755570650705275,39.285714285714285,5.3304177230746985,-17.278112695467993,29,27,56,43
KATUSDT,15m_d4_e24,11520,29,0.5379000444686091,-0.43234136463662587,24.137931034482758,-23.076074866489172,-29.360355152944877,14,15,29,22
KATUSDT,15m_d12_e96,11520,0,,,,,,0,0,0,0
KATUSDT,15m_d16_e96,11520,0,,,,,,0,0,0,0
ANKRUSDT,1h_d3_e24,2880,34,0.9125447505013163,-0.04340629039787988,35.294117647058826,-4.336652913879968,-21.361806041953265,14,20,34,15
ANKRUSDT,1h_d4_e24,2880,17,0.9476741362382436,-0.016540387666713813,35.294117647058826,-1.270561279854232,-14.409617985371991,6,11,17,9
ANKRUSDT,15m_d3_e24,11520,68,0.8628686234023673,-0.08371940216920662,36.76470588235294,-13.787188843827414,-25.02681787215815,37,31,68,43
ANKRUSDT,15m_d4_e24,11520,30,0.6582004341365545,-0.23870430642788895,30.0,-15.827783548222774,-24.818816298285732,17,13,30,14
ANKRUSDT,15m_d12_e96,11520,0,,,,,,0,0,0,0
ANKRUSDT,15m_d16_e96,11520,0,,,,,,0,0,0,0
OPGUSDT,1h_d3_e24,2880,34,1.2766441514250897,0.194480217146105,41.1764705882353,12.414791404404756,-10.653323237043274,16,18,34,16
OPGUSDT,1h_d4_e24,2880,7,2.3876024674287075,0.6889400707827947,57.142857142857146,9.713077741602483,-4.154039410106158,3,4,7,10
OPGUSDT,15m_d3_e24,11520,76,1.1513898708845987,0.13174611756273272,40.78947368421053,18.869169251931762,-21.984021587419853,35,41,76,51
OPGUSDT,15m_d4_e24,11520,23,0.7641856653359222,-0.1645656933445722,30.434782608695652,-8.145242485991144,-15.885522290241125,14,9,23,26
OPGUSDT,15m_d12_e96,11520,0,,,,,,0,0,0,0
OPGUSDT,15m_d16_e96,11520,0,,,,,,0,0,0,0
HOMEUSDT,1h_d3_e24,2880,36,0.9379373074896304,-0.02265839984786023,33.333333333333336,-3.0272519547718812,-15.898130370740818,18,18,36,16
HOMEUSDT,1h_d4_e24,2880,12,0.17429401122195348,-0.7415600227458969,8.333333333333334,-16.559371980781545,-16.941646146340535,5,7,12,10
HOMEUSDT,15m_d3_e24,11520,94,1.0870025926502698,0.08240102417050943,39.361702127659576,12.85512513288063,-41.86525007979513,46,48,94,74
HOMEUSDT,15m_d4_e24,11520,44,1.3094442587466304,0.22026584086351572,43.18181818181818,18.928569978871224,-20.55502551514553,16,28,44,49
HOMEUSDT,15m_d12_e96,11520,0,,,,,,0,0,0,0
HOMEUSDT,15m_d16_e96,11520,0,,,,,,0,0,0,0
TRUMPUSDT,1h_d3_e24,2880,30,1.5747346632196366,0.3337013311183546,46.666666666666664,20.390747106617724,-14.730444174443116,13,17,30,24
TRUMPUSDT,1h_d4_e24,2880,12,1.8520329765375567,0.445945102463949,50.0,10.630996957810023,-11.873069221841067,4,8,12,15
TRUMPUSDT,15m_d3_e24,11520,105,1.312604728045184,0.1923399398391946,43.80952380952381,42.302159582963085,-19.976285669411382,64,41,105,61
TRUMPUSDT,15m_d4_e24,11520,38,1.1043016209435852,0.09205500466192316,39.473684210526315,5.419753422427065,-15.463332288380837,18,20,38,27
TRUMPUSDT,15m_d12_e96,11520,0,,,,,,0,0,0,0
TRUMPUSDT,15m_d16_e96,11520,0,,,,,,0,0,0,0
哈基米USDT,1h_d3_e24,395,10,1.8528366198139825,0.4767021589666126,50.0,9.461037550771856,-5.803765043342573,4,6,10,0
哈基米USDT,1h_d4_e24,395,3,0.0,-1.0255578654207818,0.0,-6.028000096621911,-6.839429099876329,0,3,3,1
哈基米USDT,15m_d3_e24,1580,21,1.6762187551140035,0.3906013295513971,47.61904761904762,16.63368548346833,-11.630862315015673,9,12,21,13
哈基米USDT,15m_d4_e24,1580,9,2.25670294136215,0.6260000087409945,55.55555555555556,11.395095734185157,-4.616885054669613,3,6,9,6
哈基米USDT,15m_d12_e96,1580,0,,,,,,0,0,0,0
哈基米USDT,15m_d16_e96,1580,0,,,,,,0,0,0,0
EGLDUSDT,1h_d3_e24,2880,27,1.0278228630413733,0.04071625184712769,37.03703703703704,2.7334000013710558,-17.22255827712673,11,16,28,13
EGLDUSDT,1h_d4_e24,2880,13,2.122611757291313,0.5576645591602029,53.84615384615385,16.763470865219144,-9.695515602280976,8,5,14,11
EGLDUSDT,15m_d3_e24,11520,44,0.8885621228013536,-0.046228105498138425,36.36363636363637,-6.975613704570172,-21.883925967008143,21,23,44,47
EGLDUSDT,15m_d4_e24,11520,21,0.535298634019282,-0.3982128660325784,23.80952380952381,-16.06365703634678,-23.7716252797381,10,11,21,21
EGLDUSDT,15m_d12_e96,11520,0,,,,,,0,0,0,0
EGLDUSDT,15m_d16_e96,11520,0,,,,,,0,0,0,0
1MCHEEMSUSDT,1h_d3_e24,2880,16,0.7879495620814999,-0.14807679271340476,31.25,-5.234760661950255,-15.23142927336705,10,6,16,9
1MCHEEMSUSDT,1h_d4_e24,2880,6,1.7787229005644105,0.44800132878755566,50.0,5.206858885655485,-5.975673375199722,0,6,6,4
1MCHEEMSUSDT,15m_d3_e24,11520,35,1.1045842876097682,0.07569692410311052,42.857142857142854,5.308735078547322,-11.61683794220009,14,21,35,38
1MCHEEMSUSDT,15m_d4_e24,11520,11,2.7137494425782194,0.7791242673149824,63.63636363636363,17.110487338594172,-7.775688072116339,4,7,11,15
1MCHEEMSUSDT,15m_d12_e96,11520,0,,,,,,0,0,0,0
1MCHEEMSUSDT,15m_d16_e96,11520,0,,,,,,0,0,0,0
BROCCOLIUSDT,1h_d3_e24,2880,26,1.3253872437244267,0.21985170505845592,42.30769230769231,10.787653416719278,-14.336042787226747,12,14,26,18
BROCCOLIUSDT,1h_d4_e24,2880,14,1.0137230820461252,0.03020676289237854,35.714285714285715,0.2580026624520615,-13.932161434307517,3,11,14,14
BROCCOLIUSDT,15m_d3_e24,11520,63,1.0292820357348451,0.04926199674517709,38.095238095238095,2.706383175906324,-19.239701460621898,32,31,63,47
BROCCOLIUSDT,15m_d4_e24,11520,28,0.3579348099382255,-0.581342908064253,17.857142857142858,-28.489938312423813,-30.529603890990693,17,11,28,17
BROCCOLIUSDT,15m_d12_e96,11520,0,,,,,,0,0,0,0
BROCCOLIUSDT,15m_d16_e96,11520,0,,,,,,0,0,0,0
SQDUSDT,1h_d3_e24,2880,26,1.1257098275063047,0.10576351992015796,38.46153846153846,4.477816054372541,-13.810816847383029,14,12,26,17
SQDUSDT,1h_d4_e24,2880,10,0.7680477048314336,-0.15430692721204262,30.0,-3.417559905419698,-11.188286803627717,5,5,10,9
SQDUSDT,15m_d3_e24,11520,50,0.514545991624444,-0.4042895913264914,24.0,-34.537383702765844,-34.53738370276584,22,28,50,51
SQDUSDT,15m_d4_e24,11520,30,1.2514229222328108,0.20467176562217346,43.333333333333336,10.350224241590954,-12.608339149924733,17,13,30,20
SQDUSDT,15m_d12_e96,11520,0,,,,,,0,0,0,1
SQDUSDT,15m_d16_e96,11520,0,,,,,,0,0,0,0
YGGUSDT,1h_d3_e24,2880,30,0.633222412903816,-0.29162910553050403,26.666666666666668,-17.028933985123086,-24.59353703813219,20,10,30,18
YGGUSDT,1h_d4_e24,2880,8,0.5859896799433576,-0.31680356858717146,25.0,-5.2224869561519505,-9.21691493528702,4,4,8,8
YGGUSDT,15m_d3_e24,11520,71,0.5804972347088783,-0.3579507417262358,26.760563380281692,-41.22696302235083,-49.88907869288004,39,32,71,48
YGGUSDT,15m_d4_e24,11520,28,0.4429925185620273,-0.5309525652998677,21.428571428571427,-24.789276851461494,-31.338213093002782,18,10,28,27
YGGUSDT,15m_d12_e96,11520,0,,,,,,0,0,0,0
YGGUSDT,15m_d16_e96,11520,0,,,,,,0,0,0,0
SPELLUSDT,1h_d3_e24,2880,7,1.3502607347232116,0.23712229708730456,42.857142857142854,3.0483652304177378,-2.926342252833755,3,4,7,10
SPELLUSDT,1h_d4_e24,2880,3,0.9140654435925454,-0.04079822392697152,33.333333333333336,-0.3669727847134263,-4.1205449074211105,1,2,3,2
SPELLUSDT,15m_d3_e24,11520,25,0.604330303614747,-0.31020172658919576,28.0,-15.740219306093838,-16.765197051182362,15,10,25,16
SPELLUSDT,15m_d4_e24,11520,8,0.5027252329835179,-0.43042500654753457,25.0,-6.9561195735600485,-10.786480820393116,3,5,8,6
SPELLUSDT,15m_d12_e96,11520,0,,,,,,0,0,0,0
SPELLUSDT,15m_d16_e96,11520,0,,,,,,0,0,0,0
BUSDT,1h_d3_e24,2880,30,1.052362889420437,0.0569969791161843,36.666666666666664,2.1676326623065734,-14.662852938670055,12,18,30,20
BUSDT,1h_d4_e24,2880,17,1.001762897263872,0.02192854187035904,35.294117647058826,0.0422295384622462,-9.038943457554815,7,10,17,12
BUSDT,15m_d3_e24,11520,86,0.6855643883021082,-0.26355634547441137,27.906976744186046,-38.56402131281009,-47.36944225915826,38,48,86,49
BUSDT,15m_d4_e24,11520,28,0.7204447025612198,-0.209456885192803,28.571428571428573,-12.014601249692891,-19.599490343958767,12,16,28,29
BUSDT,15m_d12_e96,11520,0,,,,,,0,0,0,0
BUSDT,15m_d16_e96,11520,0,,,,,,0,0,0,0
GUSDT,1h_d3_e24,2880,35,0.4523896597761719,-0.46570534526313695,20.0,-28.681001777603598,-28.998585142534473,11,24,35,14
GUSDT,1h_d4_e24,2880,8,1.7890064850299534,0.4437068081813622,50.0,6.932124586726474,-5.498945639879665,3,5,8,9
GUSDT,15m_d3_e24,11520,60,0.5980910443474898,-0.3368916918913713,26.666666666666668,-34.84799521291318,-42.23885357049223,25,35,60,52
GUSDT,15m_d4_e24,11520,28,0.9047826946780693,-0.06992152037789764,35.714285714285715,-4.062528936964826,-17.403802926701335,11,17,28,31
GUSDT,15m_d12_e96,11520,0,,,,,,0,0,0,0
GUSDT,15m_d16_e96,11520,0,,,,,,0,0,0,0
ADAUSDT,1h_d3_e24,2880,30,1.5062009080231313,0.34458101950803527,46.666666666666664,23.327975320366654,-11.448822423795177,12,18,31,17
ADAUSDT,1h_d4_e24,2880,15,1.16611932113754,0.13575328118556015,40.0,3.4645952015081916,-11.040295708678926,10,5,15,7
ADAUSDT,15m_d3_e24,11520,99,1.1049347225563517,0.08819743395982324,40.4040404040404,13.700155121529667,-20.554173978462227,55,44,99,57
ADAUSDT,15m_d4_e24,11520,41,0.6676889889154698,-0.2610889579210357,29.26829268292683,-20.648887652718674,-22.351745371935575,28,13,41,30
ADAUSDT,15m_d12_e96,11520,0,,,,,,0,0,0,0
ADAUSDT,15m_d16_e96,11520,0,,,,,,0,0,0,0
CCUSDT,1h_d3_e24,2880,26,0.6145477067782577,-0.3076818356331052,26.923076923076923,-15.66253450706001,-23.68851608342529,16,10,26,14
CCUSDT,1h_d4_e24,2880,19,1.4839240540126926,0.330411992656965,47.36842105263158,12.30887342013709,-9.497475353887468,5,14,19,13
CCUSDT,15m_d3_e24,11520,62,1.0470736718808407,0.06296746610038145,40.32258064516129,4.410059704450986,-15.83537554722688,26,36,62,47
CCUSDT,15m_d4_e24,11520,26,0.6545962901073448,-0.24461143497853993,30.76923076923077,-14.350219476040992,-19.037290124120727,13,13,26,24
CCUSDT,15m_d12_e96,11520,0,,,,,,0,0,0,1
CCUSDT,15m_d16_e96,11520,0,,,,,,0,0,0,0
JSTUSDT,1h_d3_e24,2880,35,0.953557246585408,-0.015798168050397854,37.142857142857146,-2.1286515703279107,-13.72740845601516,22,13,36,17
JSTUSDT,1h_d4_e24,2880,12,1.223237151257401,0.17083141501927335,41.666666666666664,3.6107636498049045,-8.68897899606243,9,3,12,14
JSTUSDT,15m_d3_e24,11520,50,0.7809522573416062,-0.1379043019247432,36.0,-15.996637257774026,-21.10216293966255,28,22,50,36
JSTUSDT,15m_d4_e24,11520,21,1.463959269905247,0.3713405946598819,52.38095238095238,13.46404691551819,-11.26498054247801,8,13,21,24
JSTUSDT,15m_d12_e96,11520,0,,,,,,0,0,0,0
JSTUSDT,15m_d16_e96,11520,0,,,,,,0,0,0,0
ZILUSDT,1h_d3_e24,2880,24,1.446010049494282,0.3015943904242244,45.833333333333336,14.241172849973506,-7.707260699664745,12,12,24,17
ZILUSDT,1h_d4_e24,2880,19,1.2865531192973554,0.20241853788285366,42.10526315789474,6.435410797279806,-10.115278414612265,7,12,20,14
ZILUSDT,15m_d3_e24,11520,66,0.7446157145896642,-0.20466702037957882,31.818181818181817,-25.821109802799715,-30.053551291403508,28,38,66,39
ZILUSDT,15m_d4_e24,11520,20,2.2691309605201058,0.6838306886130207,60.0,30.02619347873019,-7.7519715684235715,11,9,20,27
ZILUSDT,15m_d12_e96,11520,0,,,,,,0,0,0,0
ZILUSDT,15m_d16_e96,11520,0,,,,,,0,0,0,0
ROBOUSDT,1h_d3_e24,2880,32,0.8159602787462463,-0.11190509916987167,31.25,-8.088215553644673,-17.672721572308607,15,17,32,19
ROBOUSDT,1h_d4_e24,2880,15,0.6486451233987834,-0.26185354199358124,26.666666666666668,-8.07042137039151,-15.279667621861378,7,8,15,9
ROBOUSDT,15m_d3_e24,11520,71,1.0854729710996922,0.08470979972560176,39.436619718309856,9.213601592672216,-25.523124643215006,31,40,71,42
ROBOUSDT,15m_d4_e24,11520,26,1.074840195769437,0.075922935900243,38.46153846153846,2.8444777161579227,-16.977099439008946,13,13,26,27
ROBOUSDT,15m_d12_e96,11520,0,,,,,,0,0,0,0
ROBOUSDT,15m_d16_e96,11520,0,,,,,,0,0,0,0
GUNUSDT,1h_d3_e24,2880,35,0.8240898517848179,-0.09963007730378715,31.428571428571427,-8.01909071915049,-19.346395921614263,21,14,35,17
GUNUSDT,1h_d4_e24,2880,17,1.7302644701766154,0.4002785618238931,47.05882352941177,13.670610536921357,-10.448165390939945,11,6,17,4
GUNUSDT,15m_d3_e24,11520,91,0.7295713094577737,-0.2074230086267373,30.76923076923077,-34.19131142827548,-47.316204718271536,46,45,91,60
GUNUSDT,15m_d4_e24,11520,32,0.7389877996955371,-0.17787254084935278,31.25,-11.94866779295789,-19.905746909740834,16,16,32,24
GUNUSDT,15m_d12_e96,11520,0,,,,,,0,0,0,0
GUNUSDT,15m_d16_e96,11520,0,,,,,,0,0,0,0
KAVAUSDT,1h_d3_e24,2880,22,0.5923305688471433,-0.3195844860265559,27.272727272727273,-13.889321218567385,-20.48718773439032,6,16,22,7
KAVAUSDT,1h_d4_e24,2880,16,1.0311574319368566,0.04335909618761152,37.5,0.696092772159207,-9.315211485872691,8,8,16,1
KAVAUSDT,15m_d3_e24,11520,52,0.6202893601717757,-0.2983461664421675,30.76923076923077,-27.90586272798693,-34.24275603539296,30,22,52,33
KAVAUSDT,15m_d4_e24,11520,24,0.6224619399122426,-0.32128678840738173,29.166666666666668,-14.766526615814236,-21.87111969993209,8,16,24,16
KAVAUSDT,15m_d12_e96,11520,0,,,,,,0,0,0,0
KAVAUSDT,15m_d16_e96,11520,0,,,,,,0,0,0,0
TRXUSDT,1h_d3_e24,2880,12,0.2842178438099602,-0.8519090866698962,16.666666666666668,-17.198031020370287,-21.43119586482051,4,8,12,12
TRXUSDT,1h_d4_e24,2880,8,0.4997063023998007,-0.6533467770471946,25.0,-7.387872810830665,-10.844611781527815,2,6,8,6
TRXUSDT,15m_d3_e24,11520,22,0.5949460786291596,-0.2890147973371084,36.36363636363637,-13.209249440946191,-23.028560635321938,13,9,22,24
TRXUSDT,15m_d4_e24,11520,20,0.5912041007787392,-0.5950528027984536,30.0,-13.521833242136106,-17.99694109059663,10,10,20,18
TRXUSDT,15m_d12_e96,11520,0,,,,,,0,0,0,0
TRXUSDT,15m_d16_e96,11520,0,,,,,,0,0,0,0
AAVEUSDT,1h_d3_e24,2880,33,0.9913500229734925,0.01582506924071175,36.36363636363637,-0.3850530454181378,-17.083703905479723,14,19,33,17
AAVEUSDT,1h_d4_e24,2880,23,0.9488693391392878,-0.015532401241028292,34.78260869565217,-1.6650052824129236,-15.341396161993636,11,12,23,16
AAVEUSDT,15m_d3_e24,11520,108,1.2650970376155857,0.20269619282166673,44.44444444444444,47.265829638477676,-15.671376054995795,61,47,108,71
AAVEUSDT,15m_d4_e24,11520,59,1.3460086670415605,0.24980196444256295,45.76271186440678,30.32863994617545,-13.74062958629242,29,30,59,43
AAVEUSDT,15m_d12_e96,11520,0,,,,,,0,0,0,0
AAVEUSDT,15m_d16_e96,11520,0,,,,,,0,0,0,0
VELVETUSDT,1h_d3_e24,2880,34,0.6820181723429509,-0.2214532562457202,26.470588235294116,-15.022047014564798,-25.21197880124233,13,21,34,17
VELVETUSDT,1h_d4_e24,2880,18,1.506066838164087,0.32133934814065584,44.44444444444444,11.34149811498295,-9.985409913902837,8,10,18,9
VELVETUSDT,15m_d3_e24,11520,159,1.0671987791902757,0.06441452238786304,37.735849056603776,14.463316089083754,-30.607594464612585,76,83,159,87
VELVETUSDT,15m_d4_e24,11520,74,0.9141226496463261,-0.040276073865387715,33.78378378378378,-8.615348927846512,-16.326087531487758,28,46,74,47
VELVETUSDT,15m_d12_e96,11520,0,,,,,,0,0,0,0
VELVETUSDT,15m_d16_e96,11520,0,,,,,,0,0,0,0
ENSOUSDT,1h_d3_e24,2880,31,0.5012171487425201,-0.39449809882905273,22.580645161290324,-22.65144177883185,-27.249265097845992,12,19,32,21
ENSOUSDT,1h_d4_e24,2880,22,0.2906090488491589,-0.6529686309233814,13.636363636363637,-25.471363957619708,-26.638897456202166,8,14,22,11
ENSOUSDT,15m_d3_e24,11520,97,0.8341175979102255,-0.09687204250703872,34.02061855670103,-20.88562518579303,-36.13173804000419,52,45,97,71
ENSOUSDT,15m_d4_e24,11520,47,1.659009095116521,0.4249161164707568,51.06382978723404,47.54080302303119,-12.553825625945118,21,26,47,48
ENSOUSDT,15m_d12_e96,11520,0,,,,,,0,0,0,0
ENSOUSDT,15m_d16_e96,11520,0,,,,,,0,0,0,0
ALLOUSDT,1h_d3_e24,2880,43,1.222124963474753,0.1611641882209171,39.53488372093023,12.732164935850632,-18.34042841256314,21,22,43,19
ALLOUSDT,1h_d4_e24,2880,17,1.36527013876245,0.2245198270396698,41.1764705882353,7.1282110305151525,-11.975161791212914,8,9,17,14
ALLOUSDT,15m_d3_e24,11520,140,1.3464234235145103,0.232097693783871,43.57142857142857,79.35494480673225,-18.205208881664994,80,60,140,92
ALLOUSDT,15m_d4_e24,11520,67,1.208138369511849,0.1804363593717219,41.791044776119406,23.474543800096036,-14.258376660282735,36,31,67,65
ALLOUSDT,15m_d12_e96,11520,0,,,,,,0,0,0,0
ALLOUSDT,15m_d16_e96,11520,0,,,,,,0,0,0,0
AKTUSDT,1h_d3_e24,2880,33,0.5554105811204211,-0.3430265059713126,24.242424242424242,-21.215374161157563,-25.904540654531672,22,11,33,24
AKTUSDT,1h_d4_e24,2880,8,1.0878787727179797,0.08059514790456893,37.5,0.9500451650230168,-6.340008071428335,4,4,8,14
AKTUSDT,15m_d3_e24,11520,71,0.8719061304357275,-0.0683342106903303,35.2112676056338,-14.469913911931243,-33.06293642719465,34,37,71,57
AKTUSDT,15m_d4_e24,11520,29,1.3494610728013137,0.23719088933172924,44.827586206896555,13.12537219822385,-13.59914144643169,14,15,29,34
AKTUSDT,15m_d12_e96,11520,0,,,,,,0,0,0,0
AKTUSDT,15m_d16_e96,11520,0,,,,,,0,0,0,0
TUSDT,1h_d3_e24,2880,19,1.6726318269435732,0.3809259442225913,47.36842105263158,14.537425326226948,-7.798472345972517,11,8,19,19
TUSDT,1h_d4_e24,2880,9,1.4740125703336502,0.30093540631626325,44.44444444444444,5.134715659625688,-8.535287276584336,7,2,9,9
TUSDT,15m_d3_e24,11520,69,0.8089230374146861,-0.14153258064731863,33.333333333333336,-19.63157416467417,-31.105301100713596,38,31,69,44
TUSDT,15m_d4_e24,11520,28,1.5932316043527694,0.3708103966349022,50.0,21.316435165332926,-12.173995588557062,17,11,28,18
TUSDT,15m_d12_e96,11520,0,,,,,,0,0,0,0
TUSDT,15m_d16_e96,11520,0,,,,,,0,0,0,0
ATUSDT,1h_d3_e24,2880,20,0.9518911389860562,-0.01335583431962345,35.0,-1.3725895177657876,-10.166635417286738,7,13,20,14
ATUSDT,1h_d4_e24,2880,8,1.0915039972161509,0.07947387905012282,37.5,0.9345477087041587,-9.014210442611443,5,3,8,7
ATUSDT,15m_d3_e24,11520,50,0.8383033015013487,-0.10561938087945738,34.0,-11.966535483515607,-20.99297801471634,29,21,50,23
ATUSDT,15m_d4_e24,11520,23,1.0730908537563746,0.07108615936342327,39.130434782608695,2.2458997353929977,-16.924001997151546,15,8,23,17
ATUSDT,15m_d12_e96,11520,0,,,,,,0,0,0,0
ATUSDT,15m_d16_e96,11520,0,,,,,,0,0,0,0
HYPERUSDT,1h_d3_e24,2880,22,1.4582491785666338,0.30562609456584644,45.45454545454545,13.195854975199929,-6.5875427860273215,9,13,22,19
HYPERUSDT,1h_d4_e24,2880,16,1.082869573145751,0.07669552788399589,37.5,1.787177587290234,-7.539233236437945,6,10,16,15
HYPERUSDT,15m_d3_e24,11520,50,1.7468097308644495,0.45781980068981953,52.0,54.014162611483044,-20.43975615177942,25,25,50,52
HYPERUSDT,15m_d4_e24,11520,18,0.644614346184376,-0.3541077319108551,27.77777777777778,-10.55928525869384,-20.10232817577811,4,14,18,35
HYPERUSDT,15m_d12_e96,11520,0,,,,,,0,0,0,0
HYPERUSDT,15m_d16_e96,11520,0,,,,,,0,0,0,0
XVSUSDT,1h_d3_e24,2880,23,0.9127562111305815,-0.038980329743904515,34.78260869565217,-2.7398090710414325,-21.49008331625113,12,11,23,20
XVSUSDT,1h_d4_e24,2880,6,0.3326533152812895,-0.6110862501222252,16.666666666666668,-7.262191887226899,-9.676478335800208,3,3,6,13
XVSUSDT,15m_d3_e24,11520,36,0.569396308395388,-0.36356771046902714,27.77777777777778,-25.304434682729383,-32.68999019939032,22,14,36,38
XVSUSDT,15m_d4_e24,11520,18,0.7615414642406183,-0.15189323361751567,33.333333333333336,-6.932094133634081,-20.654731363754234,10,8,18,19
XVSUSDT,15m_d12_e96,11520,0,,,,,,0,0,0,0
XVSUSDT,15m_d16_e96,11520,0,,,,,,0,0,0,0
DIAUSDT,1h_d3_e24,2880,27,0.8987358930042648,-0.05743973736138006,33.333333333333336,-4.111516134457505,-14.220954004590554,16,11,27,14
DIAUSDT,1h_d4_e24,2880,12,1.287704136980438,0.2012012155180374,41.666666666666664,4.3847138860548585,-7.386030729986694,6,6,12,6
DIAUSDT,15m_d3_e24,11520,24,0.6780564300165589,-0.24233708650373495,29.166666666666668,-11.858092386520703,-14.087952457564676,12,12,24,23
DIAUSDT,15m_d4_e24,11520,16,0.24127394568170452,-0.7902513380895202,12.5,-22.768147705054275,-24.415397002774835,7,9,16,12
DIAUSDT,15m_d12_e96,11520,0,,,,,,0,0,0,0
DIAUSDT,15m_d16_e96,11520,0,,,,,,0,0,0,0
ENSUSDT,1h_d3_e24,2880,31,1.8280185447964494,0.4744552748727837,51.61290322580645,32.10071996677924,-8.123013006271435,25,6,31,23
ENSUSDT,1h_d4_e24,2880,18,0.6849666469182438,-0.2286488488971744,27.77777777777778,-8.532521874188536,-12.922752327864892,6,12,18,13
ENSUSDT,15m_d3_e24,11520,82,0.8172693011167206,-0.11543806866091968,34.146341463414636,-18.290895521477445,-37.853950028106425,37,45,83,64
ENSUSDT,15m_d4_e24,11520,32,0.6461839655899905,-0.27588884268119235,28.125,-15.785429334228562,-22.61250702358589,17,15,33,41
ENSUSDT,15m_d12_e96,11520,0,,,,,,0,0,0,0
ENSUSDT,15m_d16_e96,11520,0,,,,,,0,0,0,0
NAORISUSDT,1h_d3_e24,2880,40,1.3158937832344706,0.23305996000256307,42.5,18.32054645416936,-15.581735648353398,21,19,40,10
NAORISUSDT,1h_d4_e24,2880,21,0.9162444677105751,-0.041268834525919645,33.333333333333336,-2.555091693057898,-10.533999028874582,8,13,21,8
NAORISUSDT,15m_d3_e24,11520,82,1.1050826766675617,0.11343617905639837,40.24390243902439,13.865799631621268,-35.03419330978767,43,39,82,45
NAORISUSDT,15m_d4_e24,11520,40,1.135736801981658,0.11311209352218002,40.0,7.510577968979826,-9.33638881220651,18,22,40,22
NAORISUSDT,15m_d12_e96,11520,0,,,,,,0,0,0,0
NAORISUSDT,15m_d16_e96,11520,0,,,,,,0,0,0,0
KITEUSDT,1h_d3_e24,2880,21,0.902598290894957,-0.05489919508404473,33.333333333333336,-3.1211678535636445,-15.345433367855982,11,10,21,16
KITEUSDT,1h_d4_e24,2880,11,0.39368310048480915,-0.5278945139318924,18.181818181818183,-11.292577623577793,-13.39025978325793,4,7,11,8
KITEUSDT,15m_d3_e24,11520,86,1.0607494662599688,0.06770207896826569,39.53488372093023,8.138215115339742,-18.713156525965292,45,41,86,43
KITEUSDT,15m_d4_e24,11520,36,0.9452513504066339,-0.023205072641762376,36.111111111111114,-3.203066056723425,-21.814879142257677,12,24,36,28
KITEUSDT,15m_d12_e96,11520,0,,,,,,0,0,0,0
KITEUSDT,15m_d16_e96,11520,0,,,,,,0,0,0,0
VELODROMEUSDT,1h_d3_e24,2880,29,0.9226402587651694,-0.03832250843250147,34.48275862068966,-3.3948245185886794,-20.687655099594092,9,20,29,19
VELODROMEUSDT,1h_d4_e24,2880,14,0.1538490327230828,-0.8673693992191842,7.142857142857143,-21.86675593625327,-26.26883897093609,4,10,14,11
VELODROMEUSDT,15m_d3_e24,11520,55,1.1147174196127263,0.09732058358352684,41.81818181818182,9.506708852129119,-16.631554709931084,25,30,55,35
VELODROMEUSDT,15m_d4_e24,11520,21,1.4882509495888872,0.32976544289855836,47.61904761904762,13.670337954819821,-8.448701344439034,9,12,21,27
VELODROMEUSDT,15m_d12_e96,11520,0,,,,,,0,0,0,0
VELODROMEUSDT,15m_d16_e96,11520,0,,,,,,0,0,0,0
PARTIUSDT,1h_d3_e24,2880,24,1.2809720753737914,0.2097757096517461,41.666666666666664,9.397964971315753,-16.457525607831613,8,16,24,11
PARTIUSDT,1h_d4_e24,2880,14,3.136239513577113,0.9029778854007987,64.28571428571429,27.737229692256783,-9.26837127847743,6,8,14,9
PARTIUSDT,15m_d3_e24,11520,58,0.6922443628102052,-0.2251218286476212,29.310344827586206,-24.757332025968203,-30.370685973516885,22,36,58,48
PARTIUSDT,15m_d4_e24,11520,32,1.1782109603959612,0.1381926783016443,40.625,7.672929769368397,-12.30972455533278,14,18,32,28
PARTIUSDT,15m_d12_e96,11520,0,,,,,,0,0,0,1
PARTIUSDT,15m_d16_e96,11520,0,,,,,,0,0,0,0
ASRUSDT,1h_d3_e24,2880,17,0.7325039411763046,-0.20070205996454102,29.41176470588235,-7.232068916672462,-14.200713381383267,10,7,17,4
ASRUSDT,1h_d4_e24,2880,8,1.0156325432855111,0.03394316054341451,37.5,0.18317028916410294,-11.763710100133693,3,5,8,2
ASRUSDT,15m_d3_e24,11520,29,2.835994669321497,0.770859562610424,62.06896551724138,53.84429039240188,-8.785553981401485,16,13,29,11
ASRUSDT,15m_d4_e24,11520,9,0.7613026146947226,-0.12175056228700838,33.333333333333336,-3.1482943982396816,-12.058982611868498,3,6,9,8
ASRUSDT,15m_d12_e96,11520,0,,,,,,0,0,0,0
ASRUSDT,15m_d16_e96,11520,0,,,,,,0,0,0,0
LAUSDT,1h_d3_e24,2880,24,0.7559664722737123,-0.18172492962773026,29.166666666666668,-6.61956401381606,-21.775518717070167,13,11,25,19
LAUSDT,1h_d4_e24,2880,9,0.253249717092771,-0.6447464135360702,11.11111111111111,-11.170008720044267,-14.256831202782497,4,5,9,16
LAUSDT,15m_d3_e24,11520,106,1.1107487690105131,0.10449170533623581,39.62264150943396,18.969953157675135,-15.737829707471343,53,53,106,60
LAUSDT,15m_d4_e24,11520,53,0.9408673319169693,-0.02990860504809975,35.84905660377358,-4.502657127919473,-17.627734705221382,27,26,53,39
LAUSDT,15m_d12_e96,11520,1,inf,1.9198009185161815,100.0,3.839601837032358,0.0,1,0,1,0
LAUSDT,15m_d16_e96,11520,0,,,,,,0,0,0,0
SUSDT,1h_d3_e24,2880,26,1.256484631046499,0.1956390298005089,42.30769230769231,9.37051634309627,-8.04767677433603,16,10,26,16
SUSDT,1h_d4_e24,2880,13,1.0932802623391584,0.08742572530006172,38.46153846153846,1.720117118759168,-13.051026296315538,6,7,13,8
SUSDT,15m_d3_e24,11520,65,1.1780337761596438,0.13333700473205592,41.53846153846154,14.14921181046951,-13.831826053039123,34,31,66,45
SUSDT,15m_d4_e24,11520,38,1.1891610690841583,0.15737804536833125,42.10526315789474,10.216165976642033,-14.794482850171626,19,19,38,31
SUSDT,15m_d12_e96,11520,0,,,,,,0,0,0,0
SUSDT,15m_d16_e96,11520,0,,,,,,0,0,0,0
ARKMUSDT,1h_d3_e24,2880,31,0.9539353545919412,-0.009515162707664851,35.483870967741936,-1.890462447214214,-16.909176436312183,15,16,31,18
ARKMUSDT,1h_d4_e24,2880,16,1.063965830084931,0.06602958745336218,37.5,1.427252119881306,-15.739616837103574,9,7,16,9
ARKMUSDT,15m_d3_e24,11520,44,0.5678243768516709,-0.36563842051304785,25.0,-28.741444514742554,-33.17692020517139,25,19,44,46
ARKMUSDT,15m_d4_e24,11520,14,1.2419467575508125,0.18796137790975923,42.857142857142854,8.123351408195756,-9.809392315885757,7,7,15,24
ARKMUSDT,15m_d12_e96,11520,0,,,,,,0,0,0,0
ARKMUSDT,15m_d16_e96,11520,0,,,,,,0,0,0,0
HYPEUSDT,1h_d3_e24,2880,39,0.5821280445686754,-0.31083582546655025,25.641025641025642,-22.67578076353647,-26.972748700519173,22,17,39,34
HYPEUSDT,1h_d4_e24,2880,18,1.102705619160241,0.09120649014674063,38.888888888888886,2.504122633759809,-12.086766041372373,10,8,18,14
HYPEUSDT,15m_d3_e24,11520,141,0.9997653552695787,0.022599820203112214,38.297872340425535,-0.04980568111215833,-33.083485192801405,68,73,141,76
HYPEUSDT,15m_d4_e24,11520,63,0.4849306735198519,-0.4270987110712498,23.80952380952381,-43.02502180013706,-46.060966349892524,29,34,63,53
HYPEUSDT,15m_d12_e96,11520,0,,,,,,0,0,0,0
HYPEUSDT,15m_d16_e96,11520,0,,,,,,0,0,0,0
ARKUSDT,1h_d3_e24,2880,26,0.5140093679586428,-0.4109646574857112,23.076923076923077,-20.019391941743482,-23.399889377007042,16,10,26,14
ARKUSDT,1h_d4_e24,2880,5,2.4842177339621903,0.7204394316069248,60.0,7.163884514070573,-5.814141669990076,3,2,5,8
ARKUSDT,15m_d3_e24,11520,27,0.6992755468270917,-0.21681963284852512,29.62962962962963,-12.888617420268966,-18.080443073507833,10,17,28,31
ARKUSDT,15m_d4_e24,11520,12,1.2446994138937644,0.1762960854194128,41.666666666666664,2.7230031199860782,-12.248430532072886,7,5,13,12
ARKUSDT,15m_d12_e96,11520,0,,,,,,0,0,0,0
ARKUSDT,15m_d16_e96,11520,0,,,,,,0,0,0,0
SKYUSDT,1h_d3_e24,2880,29,0.7376733009360484,-0.2032190090969073,31.03448275862069,-10.003438615442983,-16.865066811183002,15,14,30,13
SKYUSDT,1h_d4_e24,2880,20,0.9120359033233482,-0.04327487286904974,35.0,-2.5593812379278935,-10.64354883707696,9,11,20,10
SKYUSDT,15m_d3_e24,11520,42,0.5369544242556185,-0.4205179748022553,26.19047619047619,-30.651800917127048,-31.248437762491417,20,22,42,45
SKYUSDT,15m_d4_e24,11520,21,0.6027580210175555,-0.30596408444677714,28.571428571428573,-12.317241060472906,-26.39761679264793,9,12,21,28
SKYUSDT,15m_d12_e96,11520,1,0.0,-1.047962762385867,0.0,-2.0959255247717357,-2.0959255247717348,0,1,1,1
SKYUSDT,15m_d16_e96,11520,0,,,,,,0,0,0,0
ICPUSDT,1h_d3_e24,2880,36,0.7704181458279266,-0.15617788192835952,30.555555555555557,-12.232134095858449,-17.557694551216297,19,17,37,14
ICPUSDT,1h_d4_e24,2880,10,0.44708441441378177,-0.49058440208607645,20.0,-7.792830560993947,-14.163731663612047,4,6,11,5
ICPUSDT,15m_d3_e24,11520,91,1.0641542032324098,0.06585963869393921,39.56043956043956,8.041481160314445,-25.8699486981048,44,47,91,64
ICPUSDT,15m_d4_e24,11520,39,0.5764978091384584,-0.3442688887323812,25.641025641025642,-24.6977456731996,-29.84599241161986,22,17,39,33
ICPUSDT,15m_d12_e96,11520,0,,,,,,0,0,0,0
ICPUSDT,15m_d16_e96,11520,0,,,,,,0,0,0,0
B2USDT,1h_d3_e24,2880,24,1.0707242669846166,0.07024631267639585,37.5,2.3689882154194875,-12.452373700448867,7,17,24,11
B2USDT,1h_d4_e24,2880,9,1.3531331590780828,0.2656326100730683,44.44444444444444,4.137321212005229,-8.74862926110285,6,3,9,4
B2USDT,15m_d3_e24,11520,69,1.228214076793719,0.1862061686631955,43.47826086956522,22.987192333399253,-14.726562812796203,26,43,69,49
B2USDT,15m_d4_e24,11520,28,1.0837894850716148,0.08298710805864935,39.285714285714285,3.44127171300852,-16.50258978752164,13,15,28,30
B2USDT,15m_d12_e96,11520,0,,,,,,0,0,0,0
B2USDT,15m_d16_e96,11520,0,,,,,,0,0,0,0
DEXEUSDT,1h_d3_e24,2880,32,1.1318844640883545,0.1031408347487372,37.5,5.395257584477031,-10.885575806282958,14,18,32,15
DEXEUSDT,1h_d4_e24,2880,10,1.2654808974385379,0.18618424886683485,40.0,3.3455999432450367,-7.16037842385107,2,8,10,10
DEXEUSDT,15m_d3_e24,11520,120,0.9218600885610545,-0.04364216384777004,35.0,-13.828791406192487,-35.42179995632472,55,65,120,55
DEXEUSDT,15m_d4_e24,11520,45,1.041995167521006,0.055058237014890134,37.77777777777778,3.0074446284065415,-18.75662347814578,19,26,45,39
DEXEUSDT,15m_d12_e96,11520,0,,,,,,0,0,0,0
DEXEUSDT,15m_d16_e96,11520,0,,,,,,0,0,0,0
CHILLGUYUSDT,1h_d3_e24,2880,28,0.7275978435970507,-0.20309654252312237,28.571428571428573,-11.70660992692294,-24.697483384838584,14,14,28,15
CHILLGUYUSDT,1h_d4_e24,2880,14,0.4999781627708104,-0.41047640116370154,21.428571428571427,-11.286822693341225,-13.618726330984297,6,8,14,12
CHILLGUYUSDT,15m_d3_e24,11520,33,1.419545368389885,0.24075276408818524,45.45454545454545,18.072833321218674,-10.301287831470763,17,16,33,39
CHILLGUYUSDT,15m_d4_e24,11520,14,1.243422399742707,0.20312576714745045,42.857142857142854,4.538942990257433,-6.621627406406032,8,6,14,12
CHILLGUYUSDT,15m_d12_e96,11520,0,,,,,,0,0,0,0
CHILLGUYUSDT,15m_d16_e96,11520,0,,,,,,0,0,0,0
BEATUSDT,1h_d3_e24,2880,37,0.9164301373243176,-0.04240626748383143,32.432432432432435,-4.4879484368900435,-16.24808489494786,18,19,37,17
BEATUSDT,1h_d4_e24,2880,27,2.104479131817179,0.5391471218669756,51.851851851851855,31.98803663157779,-12.901126874174466,14,13,27,11
BEATUSDT,15m_d3_e24,11520,132,0.9260129826577989,-0.033349997072783,34.09090909090909,-13.30869120788466,-34.35269040202615,66,66,132,74
BEATUSDT,15m_d4_e24,11520,62,0.9253987005141902,-0.030950877606329415,33.87096774193548,-6.190166330822866,-17.515223779341177,32,30,62,46
BEATUSDT,15m_d12_e96,11520,0,,,,,,0,0,0,0
BEATUSDT,15m_d16_e96,11520,0,,,,,,0,0,0,0
1MBABYDOGEUSDT,1h_d3_e24,2880,18,0.49293490583927296,-0.4128215787431174,22.22222222222222,-14.36275922501693,-23.03094509818913,10,8,18,17
1MBABYDOGEUSDT,1h_d4_e24,2880,15,0.4167244861733212,-0.484043776210379,20.0,-13.965205003625346,-19.039197330248466,8,7,15,13
1MBABYDOGEUSDT,15m_d3_e24,11520,53,0.7581981732469635,-0.19613524871222845,32.075471698113205,-20.621495841095395,-29.629279367379997,24,29,53,46
1MBABYDOGEUSDT,15m_d4_e24,11520,24,0.540416968788364,-0.41727865889063054,25.0,-18.93224198334159,-30.1057704430438,16,8,24,26
1MBABYDOGEUSDT,15m_d12_e96,11520,0,,,,,,0,0,0,0
1MBABYDOGEUSDT,15m_d16_e96,11520,0,,,,,,0,0,0,0
CHRUSDT,1h_d3_e24,2880,15,2.023733081577125,0.5439129679731288,53.333333333333336,16.813034507790814,-6.144410170606494,8,7,15,13
CHRUSDT,1h_d4_e24,2880,3,0.8652839811405774,-0.07745484891770087,33.333333333333336,-0.5890054860967942,-5.442108537772441,1,2,3,10
CHRUSDT,15m_d3_e24,11520,14,0.6289275179268147,-0.3011934919134466,28.571428571428573,-8.638604683891128,-16.28690988439084,8,6,14,15
CHRUSDT,15m_d4_e24,11520,3,0.0,-1.223005763751334,0.0,-7.161798973138678,-9.93540192108758,0,3,3,6
CHRUSDT,15m_d12_e96,11520,0,,,,,,0,0,0,0
CHRUSDT,15m_d16_e96,11520,0,,,,,,0,0,0,0
WAXPUSDT,1h_d3_e24,2880,23,0.6139196831948776,-0.310640237700453,26.08695652173913,-14.077105731836859,-17.32169485759057,17,6,23,20
WAXPUSDT,1h_d4_e24,2880,17,0.9088281457868451,-0.044392295030395955,35.294117647058826,-2.2266898804980673,-13.22290526306465,5,12,17,10
WAXPUSDT,15m_d3_e24,11520,37,1.2355328760483923,0.20953834772849567,45.945945945945944,12.384685469856404,-11.450392974698932,19,18,37,48
WAXPUSDT,15m_d4_e24,11520,15,0.6767618178622523,-0.1858594273332424,33.333333333333336,-7.77969259175838,-12.45792389460039,7,8,15,29
WAXPUSDT,15m_d12_e96,11520,0,,,,,,0,0,0,0
WAXPUSDT,15m_d16_e96,11520,0,,,,,,0,0,0,0
SFPUSDT,1h_d3_e24,2880,11,1.0020138998965906,0.02297103527675335,36.36363636363637,0.0308257172394244,-6.202465994699036,6,5,11,13
SFPUSDT,1h_d4_e24,2880,5,0.4562566501863926,-0.4687877941187978,20.0,-4.744213606895431,-8.391058957701064,2,3,5,5
SFPUSDT,15m_d3_e24,11520,12,0.0,-1.1728872716898218,0.0,-24.787771791440516,-25.405932432518608,10,2,12,22
SFPUSDT,15m_d4_e24,11520,3,0.7952707030605584,-0.14321616898731282,33.333333333333336,-0.9884936962943902,-3.9988398691685507,0,3,3,3
SFPUSDT,15m_d12_e96,11520,0,,,,,,0,0,0,0
SFPUSDT,15m_d16_e96,11520,0,,,,,,0,0,0,0
TRBUSDT,1h_d3_e24,2880,34,1.0544830859909105,0.059191476685124374,38.23529411764706,2.5406884172018973,-17.510008804996396,20,14,34,13
TRBUSDT,1h_d4_e24,2880,14,0.4397837397398504,-0.4646738048677082,21.428571428571427,-12.648018877427115,-20.42323945949658,10,4,14,6
TRBUSDT,15m_d3_e24,11520,70,1.050185842515579,0.044033579805743475,40.0,5.011418826278891,-30.246340821253387,35,35,70,52
TRBUSDT,15m_d4_e24,11520,28,1.7891116059358962,0.47741420134367424,53.57142857142857,27.83418063381784,-11.866574886601182,18,10,28,28
TRBUSDT,15m_d12_e96,11520,0,,,,,,0,0,0,0
TRBUSDT,15m_d16_e96,11520,0,,,,,,0,0,0,0
CVCUSDT,1h_d3_e24,2880,17,1.9681371407579513,0.5272279161509626,52.94117647058823,18.583923045822214,-7.66417849598817,6,11,17,15
CVCUSDT,1h_d4_e24,2880,5,2.5779612969433683,0.7378632178159048,60.0,7.3588925646906445,-2.580506370793236,0,5,5,7
CVCUSDT,15m_d3_e24,11520,20,1.8804596220347607,0.540677309665397,55.0,20.83163257533971,-5.421112794035845,10,10,20,28
CVCUSDT,15m_d4_e24,11520,12,0.882643262757401,-0.06857410802728663,33.333333333333336,-2.1138694143757797,-10.27519965593545,6,6,12,13
CVCUSDT,15m_d12_e96,11520,0,,,,,,0,0,0,0
CVCUSDT,15m_d16_e96,11520,0,,,,,,0,0,0,0
BANANAUSDT,1h_d3_e24,2880,31,1.488489019036454,0.2854833528756834,45.16129032258065,17.62466304394552,-20.835454713699946,14,17,31,11
BANANAUSDT,1h_d4_e24,2880,11,1.4878492334896136,0.3055319981840626,45.45454545454545,6.392075047907886,-8.929138188437994,8,3,11,4
BANANAUSDT,15m_d3_e24,11520,24,0.9788202914077067,0.007774709106221689,37.5,-0.7221467325078113,-9.570810818914515,11,13,24,26
BANANAUSDT,15m_d4_e24,11520,11,0.6283683117451966,-0.27801057120428163,27.272727272727273,-6.3327416861268855,-13.741178090065507,5,6,11,20
BANANAUSDT,15m_d12_e96,11520,0,,,,,,0,0,0,0
BANANAUSDT,15m_d16_e96,11520,0,,,,,,0,0,0,0
ALCHUSDT,1h_d3_e24,2880,31,0.9852015747694703,0.010307994650172013,35.483870967741936,-0.666670751834908,-11.194056628459432,14,17,31,15
ALCHUSDT,1h_d4_e24,2880,13,0.3220759495922807,-0.6046084572542987,15.384615384615385,-14.896426862459444,-16.67081670021953,5,8,13,11
ALCHUSDT,15m_d3_e24,11520,67,1.1240209605164313,0.09237732184601066,40.298507462686565,12.479498569823821,-17.821100933827953,35,32,68,44
ALCHUSDT,15m_d4_e24,11520,38,0.8709925953099958,-0.07681338643339786,34.21052631578947,-7.205674664708939,-14.281222699846067,20,18,38,36
ALCHUSDT,15m_d12_e96,11520,0,,,,,,0,0,0,0
ALCHUSDT,15m_d16_e96,11520,0,,,,,,0,0,0,0
OGNUSDT,1h_d3_e24,2880,20,1.437589334991592,0.2962554856118634,45.0,11.52940602525041,-13.094034512155641,8,12,20,19
OGNUSDT,1h_d4_e24,2880,10,0.7664247464941345,-0.16052237883235398,30.0,-3.538219149445998,-10.86481551250013,4,6,10,7
OGNUSDT,15m_d3_e24,11520,50,0.823895590496587,-0.16832503444428545,34.0,-14.92739499414073,-28.940049334917244,22,28,50,35
OGNUSDT,15m_d4_e24,11520,16,0.3655821921425866,-0.5800300168298151,18.75,-17.421371976958334,-21.29831902368744,9,7,16,18
OGNUSDT,15m_d12_e96,11520,0,,,,,,0,0,0,0
OGNUSDT,15m_d16_e96,11520,0,,,,,,0,0,0,0
DOODUSDT,1h_d3_e24,2880,14,0.47447570006747514,-0.4264886792405505,21.428571428571427,-11.68890726977816,-15.534377332108198,8,6,14,20
DOODUSDT,1h_d4_e24,2880,7,0.7336145638240139,-0.18772470976774325,28.571428571428573,-2.85534086460002,-8.036690341570612,1,6,7,4
DOODUSDT,15m_d3_e24,11520,34,1.329979035408048,0.22871434960475046,44.11764705882353,14.935754855942761,-13.80866797464054,19,15,34,28
DOODUSDT,15m_d4_e24,11520,14,1.2909876124207045,0.20159215454072776,42.857142857142854,5.120558584634449,-7.327860022340485,5,9,14,12
DOODUSDT,15m_d12_e96,11520,0,,,,,,0,0,0,0
DOODUSDT,15m_d16_e96,11520,0,,,,,,0,0,0,0
CGPTUSDT,1h_d3_e24,2880,29,0.5582514032426665,-0.3491408083922445,24.137931034482758,-19.19184726944848,-23.715967139464247,14,15,29,21
CGPTUSDT,1h_d4_e24,2880,9,1.392300658681009,0.26273697401290486,44.44444444444444,4.402321005899035,-5.436204010896227,7,2,9,12
CGPTUSDT,15m_d3_e24,11520,42,0.8979650718263718,-0.054874693730446546,35.714285714285715,-6.251651175458983,-14.575002168557399,24,18,42,30
CGPTUSDT,15m_d4_e24,11520,23,1.8062436008940332,0.4656173126791895,52.17391304347826,22.41196194137103,-7.762225742896627,11,12,23,16
CGPTUSDT,15m_d12_e96,11520,0,,,,,,0,0,0,0
CGPTUSDT,15m_d16_e96,11520,0,,,,,,0,0,0,0
AEROUSDT,1h_d3_e24,2880,29,1.0580602234821512,0.062362134684263874,37.93103448275862,2.3587484735316355,-13.28694481136998,10,19,29,20
AEROUSDT,1h_d4_e24,2880,13,0.5351096810781066,-0.35314824877186085,23.076923076923077,-9.181575208446624,-12.522411332232625,3,10,13,12
AEROUSDT,15m_d3_e24,11520,78,0.9902662889963748,0.016164863469505936,38.46153846153846,-1.0944270689853597,-27.093599533162017,42,36,78,60
AEROUSDT,15m_d4_e24,11520,39,0.9540648673417529,-0.0067356793646282725,38.46153846153846,-0.9065477831499025,-23.828399526182082,19,20,40,39
AEROUSDT,15m_d12_e96,11520,0,,,,,,0,0,0,0
AEROUSDT,15m_d16_e96,11520,0,,,,,,0,0,0,0
AEONUSDT,1h_d3_e24,1379,14,4.268784279673479,1.1177300069136116,71.42857142857143,35.57617542120186,-3.436608677543661,6,8,14,6
AEONUSDT,1h_d4_e24,1379,5,0.4650852407404124,-0.43148380199997016,20.0,-4.379754626682486,-6.8321136988272775,1,4,5,4
AEONUSDT,15m_d3_e24,5515,56,1.5245790859825576,0.3243500257928243,46.42857142857143,39.96347917825358,-12.151957352719728,24,32,56,38
AEONUSDT,15m_d4_e24,5515,31,1.4650443405700564,0.29933263789509373,45.16129032258065,18.634202210930017,-10.768755766278955,13,18,31,21
AEONUSDT,15m_d12_e96,5515,0,,,,,,0,0,0,1
AEONUSDT,15m_d16_e96,5515,0,,,,,,0,0,0,0
UMAUSDT,1h_d3_e24,2880,27,1.171039388501974,0.13327169949452486,40.74074074074074,6.14330917271535,-9.36338097324242,15,12,27,18
UMAUSDT,1h_d4_e24,2880,10,0.7695616644589699,-0.16248264815057106,30.0,-3.57667339479516,-8.904085694199921,4,6,10,8
UMAUSDT,15m_d3_e24,11520,25,0.6024581114403679,-0.3138299839650243,28.0,-15.395677582050416,-25.0459011565557,14,11,25,29
UMAUSDT,15m_d4_e24,11520,15,0.3997968747250043,-0.552286562762893,20.0,-15.721160641620656,-21.604120102906393,10,5,15,12
UMAUSDT,15m_d12_e96,11520,0,,,,,,0,0,0,0
UMAUSDT,15m_d16_e96,11520,0,,,,,,0,0,0,0
PROSUSDT,1h_d3_e24,2880,33,0.7602484459846034,-0.15093649956085847,30.303030303030305,-10.640167551450197,-21.14440233744082,20,13,33,21
PROSUSDT,1h_d4_e24,2880,22,0.8359351781437878,-0.090724328085435,31.818181818181817,-4.7541219483595025,-17.012895883687825,9,13,22,11
PROSUSDT,15m_d3_e24,11520,48,0.8154524923380254,-0.1387353045079426,33.333333333333336,-12.892411923234093,-16.48987343582857,20,28,48,37
PROSUSDT,15m_d4_e24,11520,18,0.7945817137742541,-0.1539771339109896,33.333333333333336,-5.789809549697001,-15.366847212735474,9,9,18,19
PROSUSDT,15m_d12_e96,11520,0,,,,,,0,0,0,0
PROSUSDT,15m_d16_e96,11520,0,,,,,,0,0,0,0
LTCUSDT,1h_d3_e24,2880,30,0.8457331953561529,-0.09643620899587055,33.333333333333336,-6.802948292830457,-15.496179495910194,17,13,30,16
LTCUSDT,1h_d4_e24,2880,13,0.7769664042093368,-0.15139572239482152,30.76923076923077,-4.364159480909802,-12.197469857301858,8,5,13,8
LTCUSDT,15m_d3_e24,11520,86,1.2408993379613027,0.1908474071614755,45.348837209302324,33.89212050052146,-18.709522319642712,42,44,86,64
LTCUSDT,15m_d4_e24,11520,38,1.8506110311857564,0.5642643337313646,57.89473684210526,49.17631115185736,-9.46640382493694,22,16,38,31
LTCUSDT,15m_d12_e96,11520,0,,,,,,0,0,0,0
LTCUSDT,15m_d16_e96,11520,0,,,,,,0,0,0,0
RESOLVUSDT,1h_d3_e24,2880,32,1.398108548544886,0.26968459639307096,43.75,17.091769007458435,-13.811867190688842,15,17,32,20
RESOLVUSDT,1h_d4_e24,2880,15,3.8192464018532912,0.9653971671215246,66.66666666666667,32.41659652070483,-4.691616870728569,6,9,15,10
RESOLVUSDT,15m_d3_e24,11520,72,1.0030433724025898,0.02475074975599345,37.5,0.3581917276774371,-21.349167528410238,28,44,72,50
RESOLVUSDT,15m_d4_e24,11520,26,0.6113722442142595,-0.3108601140022765,26.923076923076923,-15.811698342362657,-18.909112102522517,11,15,26,18
RESOLVUSDT,15m_d12_e96,11520,0,,,,,,0,0,0,0
RESOLVUSDT,15m_d16_e96,11520,0,,,,,,0,0,0,0
ASTERUSDT,1h_d3_e24,2880,30,1.8945829910482896,0.5260858645394897,53.333333333333336,35.47858807483297,-10.319414290222326,15,15,31,20
ASTERUSDT,1h_d4_e24,2880,21,1.2108800202299095,0.16498902027223772,42.857142857142854,6.489189438829368,-12.793378176406536,9,12,22,14
ASTERUSDT,15m_d3_e24,11520,85,0.813479011565859,-0.11521982396773939,35.294117647058826,-21.5273750424273,-31.21769445774295,47,38,86,55
ASTERUSDT,15m_d4_e24,11520,45,0.8425380340553208,-0.10946107507741915,35.55555555555556,-9.372227204844519,-22.346163977375593,24,21,46,21
ASTERUSDT,15m_d12_e96,11520,0,,,,,,0,0,0,0
ASTERUSDT,15m_d16_e96,11520,0,,,,,,0,0,0,0
ERAUSDT,1h_d3_e24,2880,20,0.5779008970153824,-0.3117404734269979,25.0,-12.367141628846712,-16.77080761747475,12,8,20,14
ERAUSDT,1h_d4_e24,2880,11,1.4779556893045565,0.3074319579243032,45.45454545454545,6.4340865898997235,-6.453002290995085,4,7,11,5
ERAUSDT,15m_d3_e24,11520,34,0.7606518302344998,-0.17941995525104937,32.35294117647059,-12.812632448478867,-27.752737962180397,20,14,34,39
ERAUSDT,15m_d4_e24,11520,13,2.7459457685250186,0.7657295654713431,61.53846153846154,21.143895375070198,-12.158154209349311,8,5,13,15
ERAUSDT,15m_d12_e96,11520,0,,,,,,0,0,0,0
ERAUSDT,15m_d16_e96,11520,0,,,,,,0,0,0,0
COMPUSDT,1h_d3_e24,2880,30,0.8473174692964215,-0.09469313208191518,33.333333333333336,-6.702282241409597,-19.40886376976255,14,16,30,13
COMPUSDT,1h_d4_e24,2880,13,0.5082920324942131,-0.4105172633126646,23.076923076923077,-10.55366389907222,-12.054052629504557,9,4,13,10
COMPUSDT,15m_d3_e24,11520,57,0.6020982136102496,-0.32898224531233805,28.07017543859649,-28.888978355072624,-42.620804246699784,29,28,58,36
COMPUSDT,15m_d4_e24,11520,28,1.000363641984748,0.02394805970921068,39.285714285714285,3.186661249157985,-18.57870746122167,16,12,29,20
COMPUSDT,15m_d12_e96,11520,0,,,,,,0,0,0,0
COMPUSDT,15m_d16_e96,11520,0,,,,,,0,0,0,0
VANAUSDT,1h_d3_e24,2880,23,0.935694604134081,-0.02327798952411316,34.78260869565217,-2.0228601195903306,-16.478620219480074,11,12,23,11
VANAUSDT,1h_d4_e24,2880,10,1.2058246258743395,0.15140131030013967,40.0,2.6171752910136403,-6.882213678039688,4,6,10,7
VANAUSDT,15m_d3_e24,11520,29,2.3483994967689927,0.6629606550082864,58.62068965517241,43.63432924192359,-12.966247591154465,17,12,29,29
VANAUSDT,15m_d4_e24,11520,15,1.7693392697815966,0.4328937090902058,53.333333333333336,14.260663150671672,-12.339886183002163,8,7,15,10
VANAUSDT,15m_d12_e96,11520,0,,,,,,0,0,0,0
VANAUSDT,15m_d16_e96,11520,0,,,,,,0,0,0,0
JASMYUSDT,1h_d3_e24,2880,31,1.2634976276954073,0.19481595087593043,41.935483870967744,11.243652410644378,-11.006152399612787,15,16,31,17
JASMYUSDT,1h_d4_e24,2880,12,1.2798308248917618,0.1998316547536703,41.666666666666664,4.3435014447090525,-6.795241384009068,6,6,12,8
JASMYUSDT,15m_d3_e24,11520,84,0.5925250086893095,-0.31330071859684844,28.571428571428573,-41.87723699886106,-48.880746205087725,42,42,84,55
JASMYUSDT,15m_d4_e24,11520,36,0.7660689995678144,-0.18233690685419962,33.333333333333336,-12.37575260953413,-19.36499759231379,21,15,36,34
JASMYUSDT,15m_d12_e96,11520,0,,,,,,0,0,0,0
JASMYUSDT,15m_d16_e96,11520,0,,,,,,0,0,0,0
FLUXUSDT,1h_d3_e24,2880,34,1.0696557364581503,0.07107017322254473,38.23529411764706,3.3871241205786218,-18.347606782549718,17,17,34,19
FLUXUSDT,1h_d4_e24,2880,10,1.1763141669315402,0.14608694664128158,40.0,2.5017579423117553,-10.64599021051373,3,7,10,9
FLUXUSDT,15m_d3_e24,11520,60,0.988604394193768,0.011455971863983802,38.333333333333336,-0.9793384211551293,-21.529050063299504,24,36,60,52
FLUXUSDT,15m_d4_e24,11520,30,1.0704695789304288,0.06799304027643786,40.0,2.713480073375951,-23.768358821947317,13,17,30,28
FLUXUSDT,15m_d12_e96,11520,0,,,,,,0,0,0,0
FLUXUSDT,15m_d16_e96,11520,0,,,,,,0,0,0,0
BRETTUSDT,1h_d3_e24,2880,32,0.5877295029035668,-0.3197900006574562,25.0,-17.236548088204263,-24.419321188629294,18,14,33,21
BRETTUSDT,1h_d4_e24,2880,12,0.8653889102641215,-0.08049094141080254,33.333333333333336,-2.4043140724787526,-8.121566446883298,4,8,12,7
BRETTUSDT,15m_d3_e24,11520,83,1.1357059106581138,0.12125627127379267,40.963855421686745,21.00461404089169,-28.515772030672064,40,43,84,57
BRETTUSDT,15m_d4_e24,11520,33,1.3796739354502203,0.28428714699341245,45.45454545454545,18.72771137713938,-16.72038633734622,16,17,33,33
BRETTUSDT,15m_d12_e96,11520,0,,,,,,0,0,0,0
BRETTUSDT,15m_d16_e96,11520,0,,,,,,0,0,0,0
ATOMUSDT,1h_d3_e24,2880,37,1.2997835859716436,0.21480821200802605,43.24324324324324,15.219611418894296,-10.055460295612583,24,13,37,21
ATOMUSDT,1h_d4_e24,2880,14,1.6986695136721488,0.4221932275839012,50.0,11.759035387917226,-6.978901831360671,9,5,14,8
ATOMUSDT,15m_d3_e24,11520,101,1.296243125072578,0.2299990190135343,45.54455445544554,51.45263056217053,-22.041160198322864,46,55,101,66
ATOMUSDT,15m_d4_e24,11520,57,0.8734609459666193,-0.07960952627259825,35.08771929824562,-10.949983703590727,-32.7036867502594,29,28,57,39
ATOMUSDT,15m_d12_e96,11520,1,0.0,-1.1178120622671452,0.0,-2.2356241245342856,-2.7455942147885657,0,1,1,0
ATOMUSDT,15m_d16_e96,11520,0,,,,,,0,0,0,0
UAIUSDT,1h_d3_e24,2880,36,0.71900611801362,-0.20123860460760945,27.77777777777778,-14.536589580533054,-30.327354628977293,17,19,37,15
UAIUSDT,1h_d4_e24,2880,21,1.36756346082523,0.25688785891580884,42.857142857142854,10.328837429874739,-11.162442076830084,12,9,21,13
UAIUSDT,15m_d3_e24,11520,144,1.359798059987765,0.2351254106429634,43.05555555555556,87.2748725063176,-25.472734239133555,70,74,145,71
UAIUSDT,15m_d4_e24,11520,58,1.2512719806658537,0.1866336084615431,41.37931034482759,20.93503534992798,-16.936792893106446,31,27,58,39
UAIUSDT,15m_d12_e96,11520,0,,,,,,0,0,0,0
UAIUSDT,15m_d16_e96,11520,0,,,,,,0,0,0,0
PROMUSDT,1h_d3_e24,2880,35,0.714101627369711,-0.20657544749065185,28.571428571428573,-14.609864328541033,-23.0866079276863,16,19,35,13
PROMUSDT,1h_d4_e24,2880,16,0.6184995013779295,-0.276166281176505,25.0,-8.978105305509098,-15.666773697943864,4,12,16,14
PROMUSDT,15m_d3_e24,11520,82,0.7177188262565449,-0.1994113915713383,29.26829268292683,-29.92214446716637,-36.67100981025092,35,47,82,74
PROMUSDT,15m_d4_e24,11520,39,0.7549050371166544,-0.15301720485336495,30.76923076923077,-12.63898405699393,-25.413727929074852,16,23,39,33
PROMUSDT,15m_d12_e96,11520,0,,,,,,0,0,0,0
PROMUSDT,15m_d16_e96,11520,0,,,,,,0,0,0,0
DRIFTUSDT,1h_d3_e24,2880,30,0.8916698663550522,-0.06463053303047651,33.333333333333336,-4.991939056442741,-19.70939621380298,17,13,30,19
DRIFTUSDT,1h_d4_e24,2880,15,1.5183953692944796,0.3494437088174151,46.666666666666664,10.247495774363413,-8.345175814873953,9,6,15,12
DRIFTUSDT,15m_d3_e24,11520,52,1.3192550203889766,0.23595276249388245,44.23076923076923,24.68917713969505,-17.688113047256373,20,32,52,40
DRIFTUSDT,15m_d4_e24,11520,20,1.7861621717232343,0.42932740497924604,50.0,17.56925555250286,-11.937052925653935,5,15,20,23
DRIFTUSDT,15m_d12_e96,11520,0,,,,,,0,0,0,0
DRIFTUSDT,15m_d16_e96,11520,0,,,,,,0,0,0,0
BOMEUSDT,1h_d3_e24,2880,23,1.4008925119111133,0.25720357125397564,43.47826086956522,11.360806816950086,-8.657063120076474,10,13,23,15
BOMEUSDT,1h_d4_e24,2880,14,1.852037695163134,0.457348146999241,50.0,12.873242752767467,-7.5744277596543395,9,5,14,5
BOMEUSDT,15m_d3_e24,11520,95,0.7991638150464981,-0.14289251729238645,32.63157894736842,-28.021490656269876,-37.1548540405282,49,46,95,66
BOMEUSDT,15m_d4_e24,11520,55,0.8693681055693326,-0.07650611534303539,34.54545454545455,-10.247566944557985,-27.286799828075164,29,26,55,29
BOMEUSDT,15m_d12_e96,11520,0,,,,,,0,0,0,0
BOMEUSDT,15m_d16_e96,11520,0,,,,,,0,0,0,0
TNSRUSDT,1h_d3_e24,2880,33,1.6566497394455169,0.3814903176986943,48.484848484848484,27.139903237632957,-8.577590484234952,13,20,34,19
TNSRUSDT,1h_d4_e24,2880,19,1.0095543487260121,0.028209365410612575,36.8421052631579,0.2521552163613494,-9.266453108778068,8,11,19,10
TNSRUSDT,15m_d3_e24,11520,85,1.0522027443393083,0.06950638903807319,40.0,7.023603243825605,-29.59609437285991,37,48,85,47
TNSRUSDT,15m_d4_e24,11520,38,1.3285317570377988,0.22895966834480347,44.73684210526316,16.829287664824587,-11.669699173715456,19,19,38,30
TNSRUSDT,15m_d12_e96,11520,0,,,,,,0,0,0,0
TNSRUSDT,15m_d16_e96,11520,0,,,,,,0,0,0,0
CPUSDT,1h_d3_e24,489,3,0.0,-1.0462968819677763,0.0,-6.14733587605405,-7.729790183041123,2,1,3,2
CPUSDT,1h_d4_e24,489,1,inf,1.9913196880059687,100.0,3.9826393760119316,-0.8049062129472304,1,0,1,1
CPUSDT,15m_d3_e24,1953,21,1.078260409092213,0.07330875297773215,38.095238095238095,3.5240514880577223,-12.461855951184942,17,4,22,9
CPUSDT,15m_d4_e24,1953,8,0.5932325114089874,-0.3270401586955042,25.0,-3.6905331015755882,-10.8817874531147,7,1,9,6
CPUSDT,15m_d12_e96,1953,0,,,,,,0,0,0,0
CPUSDT,15m_d16_e96,1953,0,,,,,,0,0,0,0
OPUSDT,1h_d3_e24,2880,26,1.3284791614738454,0.2156332317060121,42.30769230769231,10.53648005051655,-8.941917467815497,16,10,26,12
OPUSDT,1h_d4_e24,2880,11,1.497560423119936,0.31819985158733854,45.45454545454545,6.689518785850845,-7.876275581215468,8,3,11,5
OPUSDT,15m_d3_e24,11520,60,0.8178990025361963,-0.13158832188583872,33.333333333333336,-16.831676892815604,-31.148051910566544,29,31,60,36
OPUSDT,15m_d4_e24,11520,30,1.1035701402081368,0.09393630766919886,40.0,4.3405951700799195,-8.472844960607691,16,14,30,30
OPUSDT,15m_d12_e96,11520,0,,,,,,0,0,0,0
OPUSDT,15m_d16_e96,11520,0,,,,,,0,0,0,0
ETCUSDT,1h_d3_e24,2880,41,0.8833678527355394,-0.06829975108557923,34.146341463414636,-7.091329492146803,-18.42919473101964,28,13,41,14
ETCUSDT,1h_d4_e24,2880,16,1.0276660837806832,0.04026292113258287,37.5,0.5874033055579986,-15.672687290975393,8,8,16,11
ETCUSDT,15m_d3_e24,11520,100,0.9665165310434667,-0.0003108089669979841,39.0,-4.912137025608754,-33.953578724530495,45,55,100,53
ETCUSDT,15m_d4_e24,11520,50,1.0921559723966436,0.08362418731864805,42.0,6.089737276946017,-20.282705243004955,24,26,50,34
ETCUSDT,15m_d12_e96,11520,0,,,,,,0,0,0,0
ETCUSDT,15m_d16_e96,11520,0,,,,,,0,0,0,0
BARDUSDT,1h_d3_e24,2880,30,1.5353527576228756,0.33814088472357573,46.666666666666664,20.74274112752128,-8.81711101962316,14,16,30,11
BARDUSDT,1h_d4_e24,2880,13,1.5457301142717166,0.3349241826205708,46.15384615384615,8.430665856970855,-8.385348114424534,9,4,13,10
BARDUSDT,15m_d3_e24,11520,43,1.4240532882532728,0.2767810795377279,46.51162790697674,22.638357596918656,-21.61103037357789,25,18,43,34
BARDUSDT,15m_d4_e24,11520,12,0.8338381832124495,-0.10753509810930807,33.333333333333336,-3.0452724532357034,-10.307912889040285,6,6,12,13
BARDUSDT,15m_d12_e96,11520,0,,,,,,0,0,0,0
BARDUSDT,15m_d16_e96,11520,0,,,,,,0,0,0,0
WETUSDT,1h_d3_e24,2880,31,3.376622983260601,0.8945369697960711,64.51612903225806,71.05826581472871,-12.367083001116074,13,18,31,18
WETUSDT,1h_d4_e24,2880,16,1.694198027100077,0.422291348600903,50.0,13.543320621340227,-10.61074288807827,6,10,16,11
WETUSDT,15m_d3_e24,11520,34,0.7781979204794653,-0.17697076514162038,32.35294117647059,-11.605361793857982,-14.419489183552345,13,21,34,29
WETUSDT,15m_d4_e24,11520,10,2.6248262491715955,0.7127257059505666,60.0,14.69533285772997,-4.623522876082781,5,5,10,16
WETUSDT,15m_d12_e96,11520,0,,,,,,0,0,0,0
WETUSDT,15m_d16_e96,11520,0,,,,,,0,0,0,0
FOLKSUSDT,1h_d3_e24,2880,41,0.9374115915173097,-0.02608494574218263,34.146341463414636,-3.7627033984649505,-19.48653192104346,19,22,41,6
FOLKSUSDT,1h_d4_e24,2880,10,2.799895070867518,0.762772284595667,60.0,15.843177152939614,-4.165579455332918,6,4,10,9
FOLKSUSDT,15m_d3_e24,11520,94,0.8402604711170013,-0.10112094592943838,34.04255319148936,-22.72037963276533,-32.8460010553998,47,47,94,56
FOLKSUSDT,15m_d4_e24,11520,44,1.3111186864370385,0.21495219296098628,43.18181818181818,17.439649582839746,-13.029514828699886,25,19,44,31
FOLKSUSDT,15m_d12_e96,11520,0,,,,,,0,0,0,0
FOLKSUSDT,15m_d16_e96,11520,0,,,,,,0,0,0,0
MARSCOINUSDT,1h_d3_e24,518,5,1.27310242661099,0.19126836237398584,40.0,1.7099907493165478,-4.748862885110549,3,2,5,4
MARSCOINUSDT,1h_d4_e24,518,2,1.8286758890044237,0.472011757092726,50.0,1.8046424488294965,-0.6717039413746263,1,1,2,1
MARSCOINUSDT,15m_d3_e24,2072,27,0.533364360308146,-0.3713979651561213,22.22222222222222,-18.92637356292337,-22.842764753858333,12,15,27,17
MARSCOINUSDT,15m_d4_e24,2072,15,1.5954674596583938,0.37182491710487564,46.666666666666664,11.003917003352793,-10.00978480358347,6,9,15,11
MARSCOINUSDT,15m_d12_e96,2072,0,,,,,,0,0,0,0
MARSCOINUSDT,15m_d16_e96,2072,0,,,,,,0,0,0,0
TOWNSUSDT,1h_d3_e24,2880,22,0.8255297008156783,-0.10601762067885166,31.818181818181817,-5.395028660156543,-16.962271860015257,12,10,22,14
TOWNSUSDT,1h_d4_e24,2880,8,0.26205949771660936,-0.721676104822432,12.5,-11.129004404727338,-14.507795844874853,5,3,8,11
TOWNSUSDT,15m_d3_e24,11520,29,0.8871191918102087,-0.062023192321315125,34.48275862068966,-4.86123630246632,-15.1563386593697,13,16,29,27
TOWNSUSDT,15m_d4_e24,11520,14,1.233264102942276,0.1883721214361825,42.857142857142854,4.724038188074253,-10.846799466596904,8,6,14,12
TOWNSUSDT,15m_d12_e96,11520,0,,,,,,0,0,0,0
TOWNSUSDT,15m_d16_e96,11520,0,,,,,,0,0,0,0
