entry_time,rows,unique_symbols,unique_signal_times,duplicate_rows,expected_signal_time,timing_ok
2025-12-18 20:00:00+00:00,208,208,1,0,2025-12-18 16:00:00+00:00,True
2026-01-31 16:00:00+00:00,190,190,1,0,2026-01-31 12:00:00+00:00,True
2025-12-17 20:00:00+00:00,187,187,1,0,2025-12-17 16:00:00+00:00,True
2025-12-15 16:00:00+00:00,163,163,1,0,2025-12-15 12:00:00+00:00,True
2026-02-05 16:00:00+00:00,161,161,1,0,2026-02-05 12:00:00+00:00,True
2026-06-02 16:00:00+00:00,110,110,1,0,2026-06-02 12:00:00+00:00,True
2026-06-04 04:00:00+00:00,109,109,1,0,2026-06-04 00:00:00+00:00,True
2026-01-29 16:00:00+00:00,108,108,1,0,2026-01-29 12:00:00+00:00,True
2026-06-05 04:00:00+00:00,105,105,1,0,2026-06-05 00:00:00+00:00,True
2026-07-29 04:00:00+00:00,95,95,1,0,2026-07-29 00:00:00+00:00,True
2026-06-05 08:00:00+00:00,94,94,1,0,2026-06-05 04:00:00+00:00,True
2026-06-24 16:00:00+00:00,92,92,1,0,2026-06-24 12:00:00+00:00,True
2026-01-31 12:00:00+00:00,82,82,1,0,2026-01-31 08:00:00+00:00,True
2025-12-12 16:00:00+00:00,79,79,1,0,2025-12-12 12:00:00+00:00,True
2026-01-25 20:00:00+00:00,79,79,1,0,2026-01-25 16:00:00+00:00,True
2026-05-28 04:00:00+00:00,79,79,1,0,2026-05-28 00:00:00+00:00,True
2026-02-06 00:00:00+00:00,72,72,1,0,2026-02-05 20:00:00+00:00,True
2025-12-11 04:00:00+00:00,68,68,1,0,2025-12-11 00:00:00+00:00,True
2026-02-05 20:00:00+00:00,64,64,1,0,2026-02-05 16:00:00+00:00,True
2026-07-27 16:00:00+00:00,63,63,1,0,2026-07-27 12:00:00+00:00,True
2026-07-28 00:00:00+00:00,62,62,1,0,2026-07-27 20:00:00+00:00,True
2026-06-05 16:00:00+00:00,61,61,1,0,2026-06-05 12:00:00+00:00,True
2026-01-31 20:00:00+00:00,58,58,1,0,2026-01-31 16:00:00+00:00,True
2026-02-28 08:00:00+00:00,58,58,1,0,2026-02-28 04:00:00+00:00,True
2026-06-24 20:00:00+00:00,56,56,1,0,2026-06-24 16:00:00+00:00,True
2025-12-14 20:00:00+00:00,54,54,1,0,2025-12-14 16:00:00+00:00,True
2026-08-18 04:00:00+00:00,53,53,1,0,2026-08-18 00:00:00+00:00,True
2026-01-30 04:00:00+00:00,52,52,1,0,2026-01-30 00:00:00+00:00,True
2026-02-05 12:00:00+00:00,52,52,1,0,2026-02-05 08:00:00+00:00,True
2026-06-23 08:00:00+00:00,52,52,1,0,2026-06-23 04:00:00+00:00,True
2026-03-27 12:00:00+00:00,49,49,1,0,2026-03-27 08:00:00+00:00,True
2026-02-23 04:00:00+00:00,46,46,1,0,2026-02-23 00:00:00+00:00,True
2025-12-17 16:00:00+00:00,41,41,1,0,2025-12-17 12:00:00+00:00,True
2025-12-15 00:00:00+00:00,39,39,1,0,2025-12-14 20:00:00+00:00,True
2026-05-28 00:00:00+00:00,37,37,1,0,2026-05-27 20:00:00+00:00,True
2026-06-18 16:00:00+00:00,37,37,1,0,2026-06-18 12:00:00+00:00,True
2026-03-28 04:00:00+00:00,34,34,1,0,2026-03-28 00:00:00+00:00,True
2026-07-29 16:00:00+00:00,33,33,1,0,2026-07-29 12:00:00+00:00,True
2025-12-15 20:00:00+00:00,29,29,1,0,2025-12-15 16:00:00+00:00,True
2026-01-19 04:00:00+00:00,29,29,1,0,2026-01-19 00:00:00+00:00,True
2026-06-25 16:00:00+00:00,27,27,1,0,2026-06-25 12:00:00+00:00,True
2026-06-03 00:00:00+00:00,26,26,1,0,2026-06-02 20:00:00+00:00,True
2026-04-02 04:00:00+00:00,25,25,1,0,2026-04-02 00:00:00+00:00,True
2026-05-18 00:00:00+00:00,25,25,1,0,2026-05-17 20:00:00+00:00,True
2026-08-13 00:00:00+00:00,25,25,1,0,2026-08-12 20:00:00+00:00,True
2025-12-31 20:00:00+00:00,24,24,1,0,2025-12-31 16:00:00+00:00,True
2026-01-29 04:00:00+00:00,24,24,1,0,2026-01-29 00:00:00+00:00,True
2026-06-10 12:00:00+00:00,24,24,1,0,2026-06-10 08:00:00+00:00,True
2026-02-05 08:00:00+00:00,23,23,1,0,2026-02-05 04:00:00+00:00,True
2026-05-23 08:00:00+00:00,23,23,1,0,2026-05-23 04:00:00+00:00,True
2026-08-11 16:00:00+00:00,23,23,1,0,2026-08-11 12:00:00+00:00,True
2025-12-18 04:00:00+00:00,22,22,1,0,2025-12-18 00:00:00+00:00,True
2026-03-22 20:00:00+00:00,22,22,1,0,2026-03-22 16:00:00+00:00,True
2026-03-29 16:00:00+00:00,22,22,1,0,2026-03-29 12:00:00+00:00,True
2026-06-05 20:00:00+00:00,22,22,1,0,2026-06-05 16:00:00+00:00,True
2026-07-29 20:00:00+00:00,22,22,1,0,2026-07-29 16:00:00+00:00,True
2026-02-28 12:00:00+00:00,21,21,1,0,2026-02-28 08:00:00+00:00,True
2026-03-08 04:00:00+00:00,21,21,1,0,2026-03-08 00:00:00+00:00,True
2026-03-22 00:00:00+00:00,21,21,1,0,2026-03-21 20:00:00+00:00,True
2026-03-30 00:00:00+00:00,21,21,1,0,2026-03-29 20:00:00+00:00,True
2026-03-29 00:00:00+00:00,20,20,1,0,2026-03-28 20:00:00+00:00,True
2026-08-14 08:00:00+00:00,20,20,1,0,2026-08-14 04:00:00+00:00,True
2025-12-14 12:00:00+00:00,19,19,1,0,2025-12-14 08:00:00+00:00,True
2026-07-13 20:00:00+00:00,19,19,1,0,2026-07-13 16:00:00+00:00,True
2026-01-31 08:00:00+00:00,18,18,1,0,2026-01-31 04:00:00+00:00,True
2026-02-04 16:00:00+00:00,18,18,1,0,2026-02-04 12:00:00+00:00,True
2026-02-23 20:00:00+00:00,18,18,1,0,2026-02-23 16:00:00+00:00,True
2026-03-29 12:00:00+00:00,18,18,1,0,2026-03-29 08:00:00+00:00,True
2026-06-03 04:00:00+00:00,18,18,1,0,2026-06-03 00:00:00+00:00,True
2026-06-30 12:00:00+00:00,18,18,1,0,2026-06-30 08:00:00+00:00,True
2026-03-26 20:00:00+00:00,17,17,1,0,2026-03-26 16:00:00+00:00,True
2026-06-09 04:00:00+00:00,17,17,1,0,2026-06-09 00:00:00+00:00,True
2026-08-14 12:00:00+00:00,17,17,1,0,2026-08-14 08:00:00+00:00,True
2025-12-18 08:00:00+00:00,16,16,1,0,2025-12-18 04:00:00+00:00,True
2026-03-26 12:00:00+00:00,16,16,1,0,2026-03-26 08:00:00+00:00,True
2026-06-11 00:00:00+00:00,16,16,1,0,2026-06-10 20:00:00+00:00,True
2026-08-03 04:00:00+00:00,16,16,1,0,2026-08-03 00:00:00+00:00,True
2026-01-29 12:00:00+00:00,15,15,1,0,2026-01-29 08:00:00+00:00,True
2026-02-24 08:00:00+00:00,15,15,1,0,2026-02-24 04:00:00+00:00,True
2026-05-26 20:00:00+00:00,15,15,1,0,2026-05-26 16:00:00+00:00,True
2026-08-17 00:00:00+00:00,15,15,1,0,2026-08-16 20:00:00+00:00,True
2025-12-14 16:00:00+00:00,14,14,1,0,2025-12-14 12:00:00+00:00,True
2026-04-05 08:00:00+00:00,14,14,1,0,2026-04-05 04:00:00+00:00,True
2026-05-15 16:00:00+00:00,14,14,1,0,2026-05-15 12:00:00+00:00,True
2026-05-27 04:00:00+00:00,14,14,1,0,2026-05-27 00:00:00+00:00,True
2026-06-30 16:00:00+00:00,14,14,1,0,2026-06-30 12:00:00+00:00,True
2026-08-01 20:00:00+00:00,14,14,1,0,2026-08-01 16:00:00+00:00,True
2025-12-26 00:00:00+00:00,13,13,1,0,2025-12-25 20:00:00+00:00,True
2026-03-23 08:00:00+00:00,13,13,1,0,2026-03-23 04:00:00+00:00,True
2026-07-13 04:00:00+00:00,13,13,1,0,2026-07-13 00:00:00+00:00,True
2026-07-24 16:00:00+00:00,13,13,1,0,2026-07-24 12:00:00+00:00,True
2026-08-12 20:00:00+00:00,13,13,1,0,2026-08-12 16:00:00+00:00,True
2025-12-14 08:00:00+00:00,12,12,1,0,2025-12-14 04:00:00+00:00,True
2025-12-17 04:00:00+00:00,12,12,1,0,2025-12-17 00:00:00+00:00,True
2025-12-17 08:00:00+00:00,12,12,1,0,2025-12-17 04:00:00+00:00,True
2026-03-26 08:00:00+00:00,12,12,1,0,2026-03-26 04:00:00+00:00,True
2026-05-16 08:00:00+00:00,12,12,1,0,2026-05-16 04:00:00+00:00,True
2026-05-26 04:00:00+00:00,12,12,1,0,2026-05-26 00:00:00+00:00,True
2026-07-17 08:00:00+00:00,12,12,1,0,2026-07-17 04:00:00+00:00,True
2026-02-05 04:00:00+00:00,11,11,1,0,2026-02-05 00:00:00+00:00,True
2026-05-28 08:00:00+00:00,11,11,1,0,2026-05-28 04:00:00+00:00,True
2026-06-01 16:00:00+00:00,11,11,1,0,2026-06-01 12:00:00+00:00,True
2026-06-04 12:00:00+00:00,11,11,1,0,2026-06-04 08:00:00+00:00,True
2026-06-09 16:00:00+00:00,11,11,1,0,2026-06-09 12:00:00+00:00,True
2026-06-10 20:00:00+00:00,11,11,1,0,2026-06-10 16:00:00+00:00,True
2026-07-08 04:00:00+00:00,11,11,1,0,2026-07-08 00:00:00+00:00,True
2026-01-21 00:00:00+00:00,10,10,1,0,2026-01-20 20:00:00+00:00,True
2026-02-23 16:00:00+00:00,10,10,1,0,2026-02-23 12:00:00+00:00,True
2026-05-23 00:00:00+00:00,10,10,1,0,2026-05-22 20:00:00+00:00,True
2026-07-08 12:00:00+00:00,10,10,1,0,2026-07-08 08:00:00+00:00,True
2026-07-20 04:00:00+00:00,10,10,1,0,2026-07-20 00:00:00+00:00,True
2026-07-28 04:00:00+00:00,10,10,1,0,2026-07-28 00:00:00+00:00,True
2026-08-11 08:00:00+00:00,10,10,1,0,2026-08-11 04:00:00+00:00,True
2026-08-31 00:00:00+00:00,10,10,1,0,2026-08-30 20:00:00+00:00,True
2025-12-12 20:00:00+00:00,9,9,1,0,2025-12-12 16:00:00+00:00,True
2025-12-23 16:00:00+00:00,9,9,1,0,2025-12-23 12:00:00+00:00,True
2026-05-28 12:00:00+00:00,9,9,1,0,2026-05-28 08:00:00+00:00,True
2026-06-07 20:00:00+00:00,9,9,1,0,2026-06-07 16:00:00+00:00,True
2026-06-23 00:00:00+00:00,9,9,1,0,2026-06-22 20:00:00+00:00,True
2026-07-28 16:00:00+00:00,9,9,1,0,2026-07-28 12:00:00+00:00,True
2026-07-31 04:00:00+00:00,9,9,1,0,2026-07-31 00:00:00+00:00,True
2026-08-13 20:00:00+00:00,9,9,1,0,2026-08-13 16:00:00+00:00,True
2025-12-16 04:00:00+00:00,8,8,1,0,2025-12-16 00:00:00+00:00,True
2025-12-23 08:00:00+00:00,8,8,1,0,2025-12-23 04:00:00+00:00,True
2026-01-19 00:00:00+00:00,8,8,1,0,2026-01-18 20:00:00+00:00,True
2026-01-20 20:00:00+00:00,8,8,1,0,2026-01-20 16:00:00+00:00,True
2026-02-03 20:00:00+00:00,8,8,1,0,2026-02-03 16:00:00+00:00,True
2026-03-06 16:00:00+00:00,8,8,1,0,2026-03-06 12:00:00+00:00,True
2026-03-18 12:00:00+00:00,8,8,1,0,2026-03-18 08:00:00+00:00,True
2026-03-27 20:00:00+00:00,8,8,1,0,2026-03-27 16:00:00+00:00,True
2026-04-02 12:00:00+00:00,8,8,1,0,2026-04-02 08:00:00+00:00,True
2026-04-03 16:00:00+00:00,8,8,1,0,2026-04-03 12:00:00+00:00,True
2026-06-04 00:00:00+00:00,8,8,1,0,2026-06-03 20:00:00+00:00,True
2026-06-28 20:00:00+00:00,8,8,1,0,2026-06-28 16:00:00+00:00,True
2026-07-18 08:00:00+00:00,8,8,1,0,2026-07-18 04:00:00+00:00,True
2026-07-18 12:00:00+00:00,8,8,1,0,2026-07-18 08:00:00+00:00,True
2026-07-19 20:00:00+00:00,8,8,1,0,2026-07-19 16:00:00+00:00,True
2026-07-25 08:00:00+00:00,8,8,1,0,2026-07-25 04:00:00+00:00,True
2026-08-03 08:00:00+00:00,8,8,1,0,2026-08-03 04:00:00+00:00,True
2026-08-12 16:00:00+00:00,8,8,1,0,2026-08-12 12:00:00+00:00,True
2025-12-07 16:00:00+00:00,7,7,1,0,2025-12-07 12:00:00+00:00,True
2025-12-16 08:00:00+00:00,7,7,1,0,2025-12-16 04:00:00+00:00,True
2025-12-24 04:00:00+00:00,7,7,1,0,2025-12-24 00:00:00+00:00,True
2026-01-22 16:00:00+00:00,7,7,1,0,2026-01-22 12:00:00+00:00,True
2026-01-29 20:00:00+00:00,7,7,1,0,2026-01-29 16:00:00+00:00,True
2026-02-11 08:00:00+00:00,7,7,1,0,2026-02-11 04:00:00+00:00,True
2026-03-07 08:00:00+00:00,7,7,1,0,2026-03-07 04:00:00+00:00,True
2026-03-09 00:00:00+00:00,7,7,1,0,2026-03-08 20:00:00+00:00,True
2026-03-19 16:00:00+00:00,7,7,1,0,2026-03-19 12:00:00+00:00,True
2026-03-28 00:00:00+00:00,7,7,1,0,2026-03-27 20:00:00+00:00,True
2026-03-29 20:00:00+00:00,7,7,1,0,2026-03-29 16:00:00+00:00,True
2026-03-31 12:00:00+00:00,7,7,1,0,2026-03-31 08:00:00+00:00,True
2026-04-07 16:00:00+00:00,7,7,1,0,2026-04-07 12:00:00+00:00,True
2026-04-29 16:00:00+00:00,7,7,1,0,2026-04-29 12:00:00+00:00,True
2026-06-02 12:00:00+00:00,7,7,1,0,2026-06-02 08:00:00+00:00,True
2026-06-23 12:00:00+00:00,7,7,1,0,2026-06-23 08:00:00+00:00,True
2026-06-26 04:00:00+00:00,7,7,1,0,2026-06-26 00:00:00+00:00,True
2026-06-30 04:00:00+00:00,7,7,1,0,2026-06-30 00:00:00+00:00,True
2026-07-07 20:00:00+00:00,7,7,1,0,2026-07-07 16:00:00+00:00,True
2026-07-20 08:00:00+00:00,7,7,1,0,2026-07-20 04:00:00+00:00,True
2026-07-23 20:00:00+00:00,7,7,1,0,2026-07-23 16:00:00+00:00,True
2026-07-28 12:00:00+00:00,7,7,1,0,2026-07-28 08:00:00+00:00,True
2026-08-18 00:00:00+00:00,7,7,1,0,2026-08-17 20:00:00+00:00,True
2025-12-08 20:00:00+00:00,6,6,1,0,2025-12-08 16:00:00+00:00,True
2025-12-09 08:00:00+00:00,6,6,1,0,2025-12-09 04:00:00+00:00,True
2025-12-11 16:00:00+00:00,6,6,1,0,2025-12-11 12:00:00+00:00,True
2025-12-17 12:00:00+00:00,6,6,1,0,2025-12-17 08:00:00+00:00,True
2025-12-18 00:00:00+00:00,6,6,1,0,2025-12-17 20:00:00+00:00,True
2026-01-20 12:00:00+00:00,6,6,1,0,2026-01-20 08:00:00+00:00,True
2026-01-25 16:00:00+00:00,6,6,1,0,2026-01-25 12:00:00+00:00,True
2026-02-18 20:00:00+00:00,6,6,1,0,2026-02-18 16:00:00+00:00,True
2026-02-19 16:00:00+00:00,6,6,1,0,2026-02-19 12:00:00+00:00,True
2026-02-22 16:00:00+00:00,6,6,1,0,2026-02-22 12:00:00+00:00,True
2026-03-01 20:00:00+00:00,6,6,1,0,2026-03-01 16:00:00+00:00,True
2026-03-07 16:00:00+00:00,6,6,1,0,2026-03-07 12:00:00+00:00,True
2026-03-08 00:00:00+00:00,6,6,1,0,2026-03-07 20:00:00+00:00,True
2026-03-19 08:00:00+00:00,6,6,1,0,2026-03-19 04:00:00+00:00,True
2026-03-20 20:00:00+00:00,6,6,1,0,2026-03-20 16:00:00+00:00,True
2026-03-22 12:00:00+00:00,6,6,1,0,2026-03-22 08:00:00+00:00,True
2026-03-28 16:00:00+00:00,6,6,1,0,2026-03-28 12:00:00+00:00,True
2026-04-05 16:00:00+00:00,6,6,1,0,2026-04-05 12:00:00+00:00,True
2026-04-27 16:00:00+00:00,6,6,1,0,2026-04-27 12:00:00+00:00,True
2026-05-22 20:00:00+00:00,6,6,1,0,2026-05-22 16:00:00+00:00,True
2026-05-23 12:00:00+00:00,6,6,1,0,2026-05-23 08:00:00+00:00,True
2026-05-29 12:00:00+00:00,6,6,1,0,2026-05-29 08:00:00+00:00,True
2026-06-19 08:00:00+00:00,6,6,1,0,2026-06-19 04:00:00+00:00,True
2026-06-22 00:00:00+00:00,6,6,1,0,2026-06-21 20:00:00+00:00,True
2026-06-24 12:00:00+00:00,6,6,1,0,2026-06-24 08:00:00+00:00,True
2026-07-08 16:00:00+00:00,6,6,1,0,2026-07-08 12:00:00+00:00,True
2026-07-16 16:00:00+00:00,6,6,1,0,2026-07-16 12:00:00+00:00,True
2026-07-17 00:00:00+00:00,6,6,1,0,2026-07-16 20:00:00+00:00,True
2026-07-23 16:00:00+00:00,6,6,1,0,2026-07-23 12:00:00+00:00,True
2026-07-24 20:00:00+00:00,6,6,1,0,2026-07-24 16:00:00+00:00,True
2026-07-25 12:00:00+00:00,6,6,1,0,2026-07-25 08:00:00+00:00,True
2026-07-30 08:00:00+00:00,6,6,1,0,2026-07-30 04:00:00+00:00,True
2026-07-31 16:00:00+00:00,6,6,1,0,2026-07-31 12:00:00+00:00,True
2026-08-03 12:00:00+00:00,6,6,1,0,2026-08-03 08:00:00+00:00,True
2026-08-11 12:00:00+00:00,6,6,1,0,2026-08-11 08:00:00+00:00,True
2026-08-14 04:00:00+00:00,6,6,1,0,2026-08-14 00:00:00+00:00,True
2025-12-24 08:00:00+00:00,5,5,1,0,2025-12-24 04:00:00+00:00,True
2026-01-20 16:00:00+00:00,5,5,1,0,2026-01-20 12:00:00+00:00,True
2026-01-25 04:00:00+00:00,5,5,1,0,2026-01-25 00:00:00+00:00,True
2026-02-24 04:00:00+00:00,5,5,1,0,2026-02-24 00:00:00+00:00,True
2026-03-07 04:00:00+00:00,5,5,1,0,2026-03-07 00:00:00+00:00,True
2026-03-07 20:00:00+00:00,5,5,1,0,2026-03-07 16:00:00+00:00,True
2026-03-08 16:00:00+00:00,5,5,1,0,2026-03-08 12:00:00+00:00,True
2026-03-22 04:00:00+00:00,5,5,1,0,2026-03-22 00:00:00+00:00,True
2026-03-27 16:00:00+00:00,5,5,1,0,2026-03-27 12:00:00+00:00,True
2026-04-05 04:00:00+00:00,5,5,1,0,2026-04-05 00:00:00+00:00,True
2026-04-12 04:00:00+00:00,5,5,1,0,2026-04-12 00:00:00+00:00,True
2026-04-13 00:00:00+00:00,5,5,1,0,2026-04-12 20:00:00+00:00,True
2026-04-27 08:00:00+00:00,5,5,1,0,2026-04-27 04:00:00+00:00,True
2026-04-29 20:00:00+00:00,5,5,1,0,2026-04-29 16:00:00+00:00,True
2026-05-13 16:00:00+00:00,5,5,1,0,2026-05-13 12:00:00+00:00,True
2026-05-27 00:00:00+00:00,5,5,1,0,2026-05-26 20:00:00+00:00,True
2026-06-01 12:00:00+00:00,5,5,1,0,2026-06-01 08:00:00+00:00,True
2026-06-02 08:00:00+00:00,5,5,1,0,2026-06-02 04:00:00+00:00,True
2026-06-02 20:00:00+00:00,5,5,1,0,2026-06-02 16:00:00+00:00,True
2026-06-03 20:00:00+00:00,5,5,1,0,2026-06-03 16:00:00+00:00,True
2026-06-05 00:00:00+00:00,5,5,1,0,2026-06-04 20:00:00+00:00,True
2026-06-05 12:00:00+00:00,5,5,1,0,2026-06-05 08:00:00+00:00,True
2026-06-06 08:00:00+00:00,5,5,1,0,2026-06-06 04:00:00+00:00,True
2026-06-17 20:00:00+00:00,5,5,1,0,2026-06-17 16:00:00+00:00,True
2026-07-17 04:00:00+00:00,5,5,1,0,2026-07-17 00:00:00+00:00,True
2026-07-19 16:00:00+00:00,5,5,1,0,2026-07-19 12:00:00+00:00,True
2026-07-25 00:00:00+00:00,5,5,1,0,2026-07-24 20:00:00+00:00,True
2026-07-27 12:00:00+00:00,5,5,1,0,2026-07-27 08:00:00+00:00,True
2026-07-28 08:00:00+00:00,5,5,1,0,2026-07-28 04:00:00+00:00,True
2026-07-31 12:00:00+00:00,5,5,1,0,2026-07-31 08:00:00+00:00,True
2026-08-06 20:00:00+00:00,5,5,1,0,2026-08-06 16:00:00+00:00,True
2026-08-07 08:00:00+00:00,5,5,1,0,2026-08-07 04:00:00+00:00,True
2026-08-10 00:00:00+00:00,5,5,1,0,2026-08-09 20:00:00+00:00,True
2026-08-16 04:00:00+00:00,5,5,1,0,2026-08-16 00:00:00+00:00,True
2026-08-28 20:00:00+00:00,5,5,1,0,2026-08-28 16:00:00+00:00,True
2025-12-10 12:00:00+00:00,4,4,1,0,2025-12-10 08:00:00+00:00,True
2025-12-10 16:00:00+00:00,4,4,1,0,2025-12-10 12:00:00+00:00,True
2025-12-16 20:00:00+00:00,4,4,1,0,2025-12-16 16:00:00+00:00,True
2025-12-28 20:00:00+00:00,4,4,1,0,2025-12-28 16:00:00+00:00,True
2025-12-29 16:00:00+00:00,4,4,1,0,2025-12-29 12:00:00+00:00,True
2025-12-31 04:00:00+00:00,4,4,1,0,2025-12-31 00:00:00+00:00,True
2026-01-01 00:00:00+00:00,4,4,1,0,2025-12-31 20:00:00+00:00,True
2026-01-23 00:00:00+00:00,4,4,1,0,2026-01-22 20:00:00+00:00,True
2026-01-28 12:00:00+00:00,4,4,1,0,2026-01-28 08:00:00+00:00,True
2026-01-29 08:00:00+00:00,4,4,1,0,2026-01-29 04:00:00+00:00,True
2026-02-01 20:00:00+00:00,4,4,1,0,2026-02-01 16:00:00+00:00,True
2026-02-02 12:00:00+00:00,4,4,1,0,2026-02-02 08:00:00+00:00,True
2026-02-04 08:00:00+00:00,4,4,1,0,2026-02-04 04:00:00+00:00,True
2026-02-06 04:00:00+00:00,4,4,1,0,2026-02-06 00:00:00+00:00,True
2026-02-22 04:00:00+00:00,4,4,1,0,2026-02-22 00:00:00+00:00,True
2026-02-24 12:00:00+00:00,4,4,1,0,2026-02-24 08:00:00+00:00,True
2026-02-27 20:00:00+00:00,4,4,1,0,2026-02-27 16:00:00+00:00,True
2026-03-06 12:00:00+00:00,4,4,1,0,2026-03-06 08:00:00+00:00,True
2026-03-17 20:00:00+00:00,4,4,1,0,2026-03-17 16:00:00+00:00,True
2026-03-19 04:00:00+00:00,4,4,1,0,2026-03-19 00:00:00+00:00,True
2026-03-23 00:00:00+00:00,4,4,1,0,2026-03-22 20:00:00+00:00,True
2026-03-23 04:00:00+00:00,4,4,1,0,2026-03-23 00:00:00+00:00,True
2026-03-24 04:00:00+00:00,4,4,1,0,2026-03-24 00:00:00+00:00,True
2026-03-25 20:00:00+00:00,4,4,1,0,2026-03-25 16:00:00+00:00,True
2026-03-26 04:00:00+00:00,4,4,1,0,2026-03-26 00:00:00+00:00,True
2026-03-26 16:00:00+00:00,4,4,1,0,2026-03-26 12:00:00+00:00,True
2026-03-29 08:00:00+00:00,4,4,1,0,2026-03-29 04:00:00+00:00,True
2026-04-02 16:00:00+00:00,4,4,1,0,2026-04-02 12:00:00+00:00,True
2026-04-02 20:00:00+00:00,4,4,1,0,2026-04-02 16:00:00+00:00,True
2026-04-03 20:00:00+00:00,4,4,1,0,2026-04-03 16:00:00+00:00,True
2026-04-07 00:00:00+00:00,4,4,1,0,2026-04-06 20:00:00+00:00,True
2026-04-07 04:00:00+00:00,4,4,1,0,2026-04-07 00:00:00+00:00,True
2026-04-07 12:00:00+00:00,4,4,1,0,2026-04-07 08:00:00+00:00,True
2026-04-09 08:00:00+00:00,4,4,1,0,2026-04-09 04:00:00+00:00,True
2026-04-14 08:00:00+00:00,4,4,1,0,2026-04-14 04:00:00+00:00,True
2026-04-18 16:00:00+00:00,4,4,1,0,2026-04-18 12:00:00+00:00,True
2026-04-23 04:00:00+00:00,4,4,1,0,2026-04-23 00:00:00+00:00,True
2026-05-20 00:00:00+00:00,4,4,1,0,2026-05-19 20:00:00+00:00,True
2026-05-26 16:00:00+00:00,4,4,1,0,2026-05-26 12:00:00+00:00,True
2026-05-27 12:00:00+00:00,4,4,1,0,2026-05-27 08:00:00+00:00,True
2026-05-27 20:00:00+00:00,4,4,1,0,2026-05-27 16:00:00+00:00,True
2026-05-31 16:00:00+00:00,4,4,1,0,2026-05-31 12:00:00+00:00,True
2026-06-01 08:00:00+00:00,4,4,1,0,2026-06-01 04:00:00+00:00,True
2026-06-03 16:00:00+00:00,4,4,1,0,2026-06-03 12:00:00+00:00,True
2026-06-06 04:00:00+00:00,4,4,1,0,2026-06-06 00:00:00+00:00,True
2026-06-08 08:00:00+00:00,4,4,1,0,2026-06-08 04:00:00+00:00,True
2026-06-09 20:00:00+00:00,4,4,1,0,2026-06-09 16:00:00+00:00,True
2026-06-10 04:00:00+00:00,4,4,1,0,2026-06-10 00:00:00+00:00,True
2026-06-20 04:00:00+00:00,4,4,1,0,2026-06-20 00:00:00+00:00,True
2026-06-22 16:00:00+00:00,4,4,1,0,2026-06-22 12:00:00+00:00,True
2026-06-22 20:00:00+00:00,4,4,1,0,2026-06-22 16:00:00+00:00,True
2026-06-23 04:00:00+00:00,4,4,1,0,2026-06-23 00:00:00+00:00,True
2026-06-24 04:00:00+00:00,4,4,1,0,2026-06-24 00:00:00+00:00,True
2026-07-01 00:00:00+00:00,4,4,1,0,2026-06-30 20:00:00+00:00,True
2026-07-01 20:00:00+00:00,4,4,1,0,2026-07-01 16:00:00+00:00,True
2026-07-07 16:00:00+00:00,4,4,1,0,2026-07-07 12:00:00+00:00,True
2026-07-13 00:00:00+00:00,4,4,1,0,2026-07-12 20:00:00+00:00,True
2026-07-13 16:00:00+00:00,4,4,1,0,2026-07-13 12:00:00+00:00,True
2026-07-14 00:00:00+00:00,4,4,1,0,2026-07-13 20:00:00+00:00,True
2026-07-16 12:00:00+00:00,4,4,1,0,2026-07-16 08:00:00+00:00,True
2026-07-18 04:00:00+00:00,4,4,1,0,2026-07-18 00:00:00+00:00,True
2026-07-19 12:00:00+00:00,4,4,1,0,2026-07-19 08:00:00+00:00,True
2026-07-24 04:00:00+00:00,4,4,1,0,2026-07-24 00:00:00+00:00,True
2026-07-27 08:00:00+00:00,4,4,1,0,2026-07-27 04:00:00+00:00,True
2026-07-29 08:00:00+00:00,4,4,1,0,2026-07-29 04:00:00+00:00,True
2026-07-30 20:00:00+00:00,4,4,1,0,2026-07-30 16:00:00+00:00,True
2026-07-31 08:00:00+00:00,4,4,1,0,2026-07-31 04:00:00+00:00,True
2026-08-02 12:00:00+00:00,4,4,1,0,2026-08-02 08:00:00+00:00,True
2026-08-05 04:00:00+00:00,4,4,1,0,2026-08-05 00:00:00+00:00,True
2026-08-06 00:00:00+00:00,4,4,1,0,2026-08-05 20:00:00+00:00,True
2026-08-13 08:00:00+00:00,4,4,1,0,2026-08-13 04:00:00+00:00,True
2026-08-15 20:00:00+00:00,4,4,1,0,2026-08-15 16:00:00+00:00,True
2026-08-17 20:00:00+00:00,4,4,1,0,2026-08-17 16:00:00+00:00,True
2026-08-19 08:00:00+00:00,4,4,1,0,2026-08-19 04:00:00+00:00,True
2025-12-09 04:00:00+00:00,3,3,1,0,2025-12-09 00:00:00+00:00,True
2025-12-10 04:00:00+00:00,3,3,1,0,2025-12-10 00:00:00+00:00,True
2025-12-11 00:00:00+00:00,3,3,1,0,2025-12-10 20:00:00+00:00,True
2025-12-11 08:00:00+00:00,3,3,1,0,2025-12-11 04:00:00+00:00,True
2025-12-15 04:00:00+00:00,3,3,1,0,2025-12-15 00:00:00+00:00,True
2025-12-15 12:00:00+00:00,3,3,1,0,2025-12-15 08:00:00+00:00,True
2025-12-27 12:00:00+00:00,3,3,1,0,2025-12-27 08:00:00+00:00,True
2025-12-29 20:00:00+00:00,3,3,1,0,2025-12-29 16:00:00+00:00,True
2025-12-30 04:00:00+00:00,3,3,1,0,2025-12-30 00:00:00+00:00,True
2026-01-13 00:00:00+00:00,3,3,1,0,2026-01-12 20:00:00+00:00,True
2026-01-15 04:00:00+00:00,3,3,1,0,2026-01-15 00:00:00+00:00,True
2026-01-15 16:00:00+00:00,3,3,1,0,2026-01-15 12:00:00+00:00,True
2026-01-16 08:00:00+00:00,3,3,1,0,2026-01-16 04:00:00+00:00,True
2026-01-17 20:00:00+00:00,3,3,1,0,2026-01-17 16:00:00+00:00,True
2026-01-28 20:00:00+00:00,3,3,1,0,2026-01-28 16:00:00+00:00,True
2026-01-30 00:00:00+00:00,3,3,1,0,2026-01-29 20:00:00+00:00,True
2026-02-02 00:00:00+00:00,3,3,1,0,2026-02-01 20:00:00+00:00,True
2026-02-03 00:00:00+00:00,3,3,1,0,2026-02-02 20:00:00+00:00,True
2026-02-04 00:00:00+00:00,3,3,1,0,2026-02-03 20:00:00+00:00,True
2026-02-04 20:00:00+00:00,3,3,1,0,2026-02-04 16:00:00+00:00,True
2026-02-09 12:00:00+00:00,3,3,1,0,2026-02-09 08:00:00+00:00,True
2026-02-10 12:00:00+00:00,3,3,1,0,2026-02-10 08:00:00+00:00,True
2026-02-11 04:00:00+00:00,3,3,1,0,2026-02-11 00:00:00+00:00,True
2026-02-13 12:00:00+00:00,3,3,1,0,2026-02-13 08:00:00+00:00,True
2026-02-15 12:00:00+00:00,3,3,1,0,2026-02-15 08:00:00+00:00,True
2026-02-19 12:00:00+00:00,3,3,1,0,2026-02-19 08:00:00+00:00,True
2026-02-23 00:00:00+00:00,3,3,1,0,2026-02-22 20:00:00+00:00,True
2026-02-24 16:00:00+00:00,3,3,1,0,2026-02-24 12:00:00+00:00,True
2026-02-28 00:00:00+00:00,3,3,1,0,2026-02-27 20:00:00+00:00,True
2026-02-28 16:00:00+00:00,3,3,1,0,2026-02-28 12:00:00+00:00,True
2026-03-03 20:00:00+00:00,3,3,1,0,2026-03-03 16:00:00+00:00,True
2026-03-05 20:00:00+00:00,3,3,1,0,2026-03-05 16:00:00+00:00,True
2026-03-18 00:00:00+00:00,3,3,1,0,2026-03-17 20:00:00+00:00,True
2026-03-20 08:00:00+00:00,3,3,1,0,2026-03-20 04:00:00+00:00,True
2026-03-24 00:00:00+00:00,3,3,1,0,2026-03-23 20:00:00+00:00,True
2026-03-27 00:00:00+00:00,3,3,1,0,2026-03-26 20:00:00+00:00,True
2026-03-27 04:00:00+00:00,3,3,1,0,2026-03-27 00:00:00+00:00,True
2026-03-28 20:00:00+00:00,3,3,1,0,2026-03-28 16:00:00+00:00,True
2026-03-30 20:00:00+00:00,3,3,1,0,2026-03-30 16:00:00+00:00,True
2026-03-31 00:00:00+00:00,3,3,1,0,2026-03-30 20:00:00+00:00,True
2026-03-31 16:00:00+00:00,3,3,1,0,2026-03-31 12:00:00+00:00,True
2026-04-01 04:00:00+00:00,3,3,1,0,2026-04-01 00:00:00+00:00,True
2026-04-09 12:00:00+00:00,3,3,1,0,2026-04-09 08:00:00+00:00,True
2026-04-10 08:00:00+00:00,3,3,1,0,2026-04-10 04:00:00+00:00,True
2026-04-10 20:00:00+00:00,3,3,1,0,2026-04-10 16:00:00+00:00,True
2026-04-12 12:00:00+00:00,3,3,1,0,2026-04-12 08:00:00+00:00,True
2026-04-13 08:00:00+00:00,3,3,1,0,2026-04-13 04:00:00+00:00,True
2026-04-20 00:00:00+00:00,3,3,1,0,2026-04-19 20:00:00+00:00,True
2026-05-02 00:00:00+00:00,3,3,1,0,2026-05-01 20:00:00+00:00,True
2026-05-13 12:00:00+00:00,3,3,1,0,2026-05-13 08:00:00+00:00,True
2026-05-19 12:00:00+00:00,3,3,1,0,2026-05-19 08:00:00+00:00,True
2026-05-20 04:00:00+00:00,3,3,1,0,2026-05-20 00:00:00+00:00,True
2026-05-22 16:00:00+00:00,3,3,1,0,2026-05-22 12:00:00+00:00,True
2026-05-24 16:00:00+00:00,3,3,1,0,2026-05-24 12:00:00+00:00,True
2026-06-09 00:00:00+00:00,3,3,1,0,2026-06-08 20:00:00+00:00,True
2026-06-14 08:00:00+00:00,3,3,1,0,2026-06-14 04:00:00+00:00,True
2026-06-14 16:00:00+00:00,3,3,1,0,2026-06-14 12:00:00+00:00,True
2026-06-27 20:00:00+00:00,3,3,1,0,2026-06-27 16:00:00+00:00,True
2026-06-28 16:00:00+00:00,3,3,1,0,2026-06-28 12:00:00+00:00,True
2026-06-30 08:00:00+00:00,3,3,1,0,2026-06-30 04:00:00+00:00,True
2026-07-01 16:00:00+00:00,3,3,1,0,2026-07-01 12:00:00+00:00,True
2026-07-09 04:00:00+00:00,3,3,1,0,2026-07-09 00:00:00+00:00,True
2026-07-15 16:00:00+00:00,3,3,1,0,2026-07-15 12:00:00+00:00,True
2026-07-16 20:00:00+00:00,3,3,1,0,2026-07-16 16:00:00+00:00,True
2026-07-17 16:00:00+00:00,3,3,1,0,2026-07-17 12:00:00+00:00,True
2026-07-18 16:00:00+00:00,3,3,1,0,2026-07-18 12:00:00+00:00,True
2026-07-19 04:00:00+00:00,3,3,1,0,2026-07-19 00:00:00+00:00,True
2026-07-20 00:00:00+00:00,3,3,1,0,2026-07-19 20:00:00+00:00,True
2026-07-21 04:00:00+00:00,3,3,1,0,2026-07-21 00:00:00+00:00,True
2026-07-24 00:00:00+00:00,3,3,1,0,2026-07-23 20:00:00+00:00,True
2026-07-28 20:00:00+00:00,3,3,1,0,2026-07-28 16:00:00+00:00,True
2026-07-29 00:00:00+00:00,3,3,1,0,2026-07-28 20:00:00+00:00,True
2026-07-29 12:00:00+00:00,3,3,1,0,2026-07-29 08:00:00+00:00,True
2026-07-30 00:00:00+00:00,3,3,1,0,2026-07-29 20:00:00+00:00,True
2026-07-31 00:00:00+00:00,3,3,1,0,2026-07-30 20:00:00+00:00,True
2026-07-31 20:00:00+00:00,3,3,1,0,2026-07-31 16:00:00+00:00,True
2026-08-04 04:00:00+00:00,3,3,1,0,2026-08-04 00:00:00+00:00,True
2026-08-04 12:00:00+00:00,3,3,1,0,2026-08-04 08:00:00+00:00,True
2026-08-04 16:00:00+00:00,3,3,1,0,2026-08-04 12:00:00+00:00,True
2026-08-06 04:00:00+00:00,3,3,1,0,2026-08-06 00:00:00+00:00,True
2026-08-13 16:00:00+00:00,3,3,1,0,2026-08-13 12:00:00+00:00,True
2026-08-14 16:00:00+00:00,3,3,1,0,2026-08-14 12:00:00+00:00,True
2026-08-19 20:00:00+00:00,3,3,1,0,2026-08-19 16:00:00+00:00,True
2026-08-20 00:00:00+00:00,3,3,1,0,2026-08-19 20:00:00+00:00,True
2025-12-08 00:00:00+00:00,2,2,1,0,2025-12-07 20:00:00+00:00,True
2025-12-09 12:00:00+00:00,2,2,1,0,2025-12-09 08:00:00+00:00,True
2025-12-12 08:00:00+00:00,2,2,1,0,2025-12-12 04:00:00+00:00,True
2025-12-12 12:00:00+00:00,2,2,1,0,2025-12-12 08:00:00+00:00,True
2025-12-13 04:00:00+00:00,2,2,1,0,2025-12-13 00:00:00+00:00,True
2025-12-15 08:00:00+00:00,2,2,1,0,2025-12-15 04:00:00+00:00,True
2025-12-16 16:00:00+00:00,2,2,1,0,2025-12-16 12:00:00+00:00,True
2025-12-21 16:00:00+00:00,2,2,1,0,2025-12-21 12:00:00+00:00,True
2025-12-22 08:00:00+00:00,2,2,1,0,2025-12-22 04:00:00+00:00,True
2025-12-22 20:00:00+00:00,2,2,1,0,2025-12-22 16:00:00+00:00,True
2025-12-23 04:00:00+00:00,2,2,1,0,2025-12-23 00:00:00+00:00,True
2025-12-23 12:00:00+00:00,2,2,1,0,2025-12-23 08:00:00+00:00,True
2025-12-24 12:00:00+00:00,2,2,1,0,2025-12-24 08:00:00+00:00,True
2025-12-26 04:00:00+00:00,2,2,1,0,2025-12-26 00:00:00+00:00,True
2025-12-29 12:00:00+00:00,2,2,1,0,2025-12-29 08:00:00+00:00,True
2025-12-31 16:00:00+00:00,2,2,1,0,2025-12-31 12:00:00+00:00,True
2026-01-01 04:00:00+00:00,2,2,1,0,2026-01-01 00:00:00+00:00,True
2026-01-08 12:00:00+00:00,2,2,1,0,2026-01-08 08:00:00+00:00,True
2026-01-12 00:00:00+00:00,2,2,1,0,2026-01-11 20:00:00+00:00,True
2026-01-15 20:00:00+00:00,2,2,1,0,2026-01-15 16:00:00+00:00,True
2026-01-16 16:00:00+00:00,2,2,1,0,2026-01-16 12:00:00+00:00,True
2026-01-18 04:00:00+00:00,2,2,1,0,2026-01-18 00:00:00+00:00,True
2026-01-18 16:00:00+00:00,2,2,1,0,2026-01-18 12:00:00+00:00,True
2026-01-24 00:00:00+00:00,2,2,1,0,2026-01-23 20:00:00+00:00,True
2026-01-24 16:00:00+00:00,2,2,1,0,2026-01-24 12:00:00+00:00,True
2026-01-25 08:00:00+00:00,2,2,1,0,2026-01-25 04:00:00+00:00,True
2026-01-26 00:00:00+00:00,2,2,1,0,2026-01-25 20:00:00+00:00,True
2026-01-27 12:00:00+00:00,2,2,1,0,2026-01-27 08:00:00+00:00,True
2026-01-27 16:00:00+00:00,2,2,1,0,2026-01-27 12:00:00+00:00,True
2026-01-28 08:00:00+00:00,2,2,1,0,2026-01-28 04:00:00+00:00,True
2026-01-28 16:00:00+00:00,2,2,1,0,2026-01-28 12:00:00+00:00,True
2026-01-30 08:00:00+00:00,2,2,1,0,2026-01-30 04:00:00+00:00,True
2026-02-01 04:00:00+00:00,2,2,1,0,2026-02-01 00:00:00+00:00,True
2026-02-02 20:00:00+00:00,2,2,1,0,2026-02-02 16:00:00+00:00,True
2026-02-03 12:00:00+00:00,2,2,1,0,2026-02-03 08:00:00+00:00,True
2026-02-07 16:00:00+00:00,2,2,1,0,2026-02-07 12:00:00+00:00,True
2026-02-10 04:00:00+00:00,2,2,1,0,2026-02-10 00:00:00+00:00,True
2026-02-12 20:00:00+00:00,2,2,1,0,2026-02-12 16:00:00+00:00,True
2026-02-15 20:00:00+00:00,2,2,1,0,2026-02-15 16:00:00+00:00,True
2026-02-22 20:00:00+00:00,2,2,1,0,2026-02-22 16:00:00+00:00,True
2026-02-26 08:00:00+00:00,2,2,1,0,2026-02-26 04:00:00+00:00,True
2026-02-26 12:00:00+00:00,2,2,1,0,2026-02-26 08:00:00+00:00,True
2026-02-26 16:00:00+00:00,2,2,1,0,2026-02-26 12:00:00+00:00,True
2026-02-27 08:00:00+00:00,2,2,1,0,2026-02-27 04:00:00+00:00,True
2026-03-02 00:00:00+00:00,2,2,1,0,2026-03-01 20:00:00+00:00,True
2026-03-03 12:00:00+00:00,2,2,1,0,2026-03-03 08:00:00+00:00,True
2026-03-06 20:00:00+00:00,2,2,1,0,2026-03-06 16:00:00+00:00,True
2026-03-08 12:00:00+00:00,2,2,1,0,2026-03-08 08:00:00+00:00,True
2026-03-10 00:00:00+00:00,2,2,1,0,2026-03-09 20:00:00+00:00,True
2026-03-11 00:00:00+00:00,2,2,1,0,2026-03-10 20:00:00+00:00,True
2026-03-14 00:00:00+00:00,2,2,1,0,2026-03-13 20:00:00+00:00,True
2026-03-15 16:00:00+00:00,2,2,1,0,2026-03-15 12:00:00+00:00,True
2026-03-16 16:00:00+00:00,2,2,1,0,2026-03-16 12:00:00+00:00,True
2026-03-18 16:00:00+00:00,2,2,1,0,2026-03-18 12:00:00+00:00,True
2026-03-19 00:00:00+00:00,2,2,1,0,2026-03-18 20:00:00+00:00,True
2026-03-20 04:00:00+00:00,2,2,1,0,2026-03-20 00:00:00+00:00,True
2026-03-20 16:00:00+00:00,2,2,1,0,2026-03-20 12:00:00+00:00,True
2026-03-21 08:00:00+00:00,2,2,1,0,2026-03-21 04:00:00+00:00,True
2026-03-22 08:00:00+00:00,2,2,1,0,2026-03-22 04:00:00+00:00,True
2026-03-24 20:00:00+00:00,2,2,1,0,2026-03-24 16:00:00+00:00,True
2026-03-25 08:00:00+00:00,2,2,1,0,2026-03-25 04:00:00+00:00,True
2026-03-28 12:00:00+00:00,2,2,1,0,2026-03-28 08:00:00+00:00,True
2026-03-31 04:00:00+00:00,2,2,1,0,2026-03-31 00:00:00+00:00,True
2026-04-01 12:00:00+00:00,2,2,1,0,2026-04-01 08:00:00+00:00,True
2026-04-01 16:00:00+00:00,2,2,1,0,2026-04-01 12:00:00+00:00,True
2026-04-02 08:00:00+00:00,2,2,1,0,2026-04-02 04:00:00+00:00,True
2026-04-04 00:00:00+00:00,2,2,1,0,2026-04-03 20:00:00+00:00,True
2026-04-04 12:00:00+00:00,2,2,1,0,2026-04-04 08:00:00+00:00,True
2026-04-04 16:00:00+00:00,2,2,1,0,2026-04-04 12:00:00+00:00,True
2026-04-05 12:00:00+00:00,2,2,1,0,2026-04-05 08:00:00+00:00,True
2026-04-09 00:00:00+00:00,2,2,1,0,2026-04-08 20:00:00+00:00,True
2026-04-10 00:00:00+00:00,2,2,1,0,2026-04-09 20:00:00+00:00,True
2026-04-11 04:00:00+00:00,2,2,1,0,2026-04-11 00:00:00+00:00,True
2026-04-11 08:00:00+00:00,2,2,1,0,2026-04-11 04:00:00+00:00,True
2026-04-12 16:00:00+00:00,2,2,1,0,2026-04-12 12:00:00+00:00,True
2026-04-14 04:00:00+00:00,2,2,1,0,2026-04-14 00:00:00+00:00,True
2026-04-16 16:00:00+00:00,2,2,1,0,2026-04-16 12:00:00+00:00,True
2026-04-18 04:00:00+00:00,2,2,1,0,2026-04-18 00:00:00+00:00,True
2026-04-18 20:00:00+00:00,2,2,1,0,2026-04-18 16:00:00+00:00,True
2026-04-19 04:00:00+00:00,2,2,1,0,2026-04-19 00:00:00+00:00,True
2026-04-19 08:00:00+00:00,2,2,1,0,2026-04-19 04:00:00+00:00,True
2026-04-19 12:00:00+00:00,2,2,1,0,2026-04-19 08:00:00+00:00,True
2026-04-19 16:00:00+00:00,2,2,1,0,2026-04-19 12:00:00+00:00,True
2026-04-20 08:00:00+00:00,2,2,1,0,2026-04-20 04:00:00+00:00,True
2026-04-24 04:00:00+00:00,2,2,1,0,2026-04-24 00:00:00+00:00,True
2026-04-25 16:00:00+00:00,2,2,1,0,2026-04-25 12:00:00+00:00,True
2026-05-03 04:00:00+00:00,2,2,1,0,2026-05-03 00:00:00+00:00,True
2026-05-06 00:00:00+00:00,2,2,1,0,2026-05-05 20:00:00+00:00,True
2026-05-07 04:00:00+00:00,2,2,1,0,2026-05-07 00:00:00+00:00,True
2026-05-16 12:00:00+00:00,2,2,1,0,2026-05-16 08:00:00+00:00,True
2026-05-18 20:00:00+00:00,2,2,1,0,2026-05-18 16:00:00+00:00,True
2026-05-19 04:00:00+00:00,2,2,1,0,2026-05-19 00:00:00+00:00,True
2026-05-19 20:00:00+00:00,2,2,1,0,2026-05-19 16:00:00+00:00,True
2026-05-29 00:00:00+00:00,2,2,1,0,2026-05-28 20:00:00+00:00,True
2026-05-30 00:00:00+00:00,2,2,1,0,2026-05-29 20:00:00+00:00,True
2026-05-31 20:00:00+00:00,2,2,1,0,2026-05-31 16:00:00+00:00,True
2026-06-03 12:00:00+00:00,2,2,1,0,2026-06-03 08:00:00+00:00,True
2026-06-04 08:00:00+00:00,2,2,1,0,2026-06-04 04:00:00+00:00,True
2026-06-06 00:00:00+00:00,2,2,1,0,2026-06-05 20:00:00+00:00,True
2026-06-06 20:00:00+00:00,2,2,1,0,2026-06-06 16:00:00+00:00,True
2026-06-09 08:00:00+00:00,2,2,1,0,2026-06-09 04:00:00+00:00,True
2026-06-10 08:00:00+00:00,2,2,1,0,2026-06-10 04:00:00+00:00,True
2026-06-11 20:00:00+00:00,2,2,1,0,2026-06-11 16:00:00+00:00,True
2026-06-12 08:00:00+00:00,2,2,1,0,2026-06-12 04:00:00+00:00,True
2026-06-13 04:00:00+00:00,2,2,1,0,2026-06-13 00:00:00+00:00,True
2026-06-16 16:00:00+00:00,2,2,1,0,2026-06-16 12:00:00+00:00,True
2026-06-19 04:00:00+00:00,2,2,1,0,2026-06-19 00:00:00+00:00,True
2026-06-19 20:00:00+00:00,2,2,1,0,2026-06-19 16:00:00+00:00,True
2026-06-20 00:00:00+00:00,2,2,1,0,2026-06-19 20:00:00+00:00,True
2026-06-20 12:00:00+00:00,2,2,1,0,2026-06-20 08:00:00+00:00,True
2026-06-21 04:00:00+00:00,2,2,1,0,2026-06-21 00:00:00+00:00,True
2026-06-21 12:00:00+00:00,2,2,1,0,2026-06-21 08:00:00+00:00,True
2026-06-22 04:00:00+00:00,2,2,1,0,2026-06-22 00:00:00+00:00,True
2026-06-23 20:00:00+00:00,2,2,1,0,2026-06-23 16:00:00+00:00,True
2026-06-25 04:00:00+00:00,2,2,1,0,2026-06-25 00:00:00+00:00,True
2026-06-25 12:00:00+00:00,2,2,1,0,2026-06-25 08:00:00+00:00,True
2026-06-25 20:00:00+00:00,2,2,1,0,2026-06-25 16:00:00+00:00,True
2026-06-27 08:00:00+00:00,2,2,1,0,2026-06-27 04:00:00+00:00,True
2026-06-28 08:00:00+00:00,2,2,1,0,2026-06-28 04:00:00+00:00,True
2026-06-29 00:00:00+00:00,2,2,1,0,2026-06-28 20:00:00+00:00,True
2026-07-01 08:00:00+00:00,2,2,1,0,2026-07-01 04:00:00+00:00,True
2026-07-01 12:00:00+00:00,2,2,1,0,2026-07-01 08:00:00+00:00,True
2026-07-02 12:00:00+00:00,2,2,1,0,2026-07-02 08:00:00+00:00,True
2026-07-06 08:00:00+00:00,2,2,1,0,2026-07-06 04:00:00+00:00,True
2026-07-06 12:00:00+00:00,2,2,1,0,2026-07-06 08:00:00+00:00,True
2026-07-06 16:00:00+00:00,2,2,1,0,2026-07-06 12:00:00+00:00,True
2026-07-10 12:00:00+00:00,2,2,1,0,2026-07-10 08:00:00+00:00,True
2026-07-12 16:00:00+00:00,2,2,1,0,2026-07-12 12:00:00+00:00,True
2026-07-14 08:00:00+00:00,2,2,1,0,2026-07-14 04:00:00+00:00,True
2026-07-14 12:00:00+00:00,2,2,1,0,2026-07-14 08:00:00+00:00,True
2026-07-18 00:00:00+00:00,2,2,1,0,2026-07-17 20:00:00+00:00,True
2026-07-20 16:00:00+00:00,2,2,1,0,2026-07-20 12:00:00+00:00,True
2026-07-22 00:00:00+00:00,2,2,1,0,2026-07-21 20:00:00+00:00,True
2026-07-22 08:00:00+00:00,2,2,1,0,2026-07-22 04:00:00+00:00,True
2026-07-22 20:00:00+00:00,2,2,1,0,2026-07-22 16:00:00+00:00,True
2026-07-23 00:00:00+00:00,2,2,1,0,2026-07-22 20:00:00+00:00,True
2026-07-26 04:00:00+00:00,2,2,1,0,2026-07-26 00:00:00+00:00,True
2026-07-30 16:00:00+00:00,2,2,1,0,2026-07-30 12:00:00+00:00,True
2026-08-04 08:00:00+00:00,2,2,1,0,2026-08-04 04:00:00+00:00,True
2026-08-05 00:00:00+00:00,2,2,1,0,2026-08-04 20:00:00+00:00,True
2026-08-05 12:00:00+00:00,2,2,1,0,2026-08-05 08:00:00+00:00,True
2026-08-05 16:00:00+00:00,2,2,1,0,2026-08-05 12:00:00+00:00,True
2026-08-05 20:00:00+00:00,2,2,1,0,2026-08-05 16:00:00+00:00,True
2026-08-06 12:00:00+00:00,2,2,1,0,2026-08-06 08:00:00+00:00,True
2026-08-07 04:00:00+00:00,2,2,1,0,2026-08-07 00:00:00+00:00,True
2026-08-07 12:00:00+00:00,2,2,1,0,2026-08-07 08:00:00+00:00,True
2026-08-08 00:00:00+00:00,2,2,1,0,2026-08-07 20:00:00+00:00,True
2026-08-10 16:00:00+00:00,2,2,1,0,2026-08-10 12:00:00+00:00,True
2026-08-10 20:00:00+00:00,2,2,1,0,2026-08-10 16:00:00+00:00,True
2026-08-11 00:00:00+00:00,2,2,1,0,2026-08-10 20:00:00+00:00,True
2026-08-11 20:00:00+00:00,2,2,1,0,2026-08-11 16:00:00+00:00,True
2026-08-12 04:00:00+00:00,2,2,1,0,2026-08-12 00:00:00+00:00,True
2026-08-16 00:00:00+00:00,2,2,1,0,2026-08-15 20:00:00+00:00,True
2026-08-17 04:00:00+00:00,2,2,1,0,2026-08-17 00:00:00+00:00,True
2026-08-17 08:00:00+00:00,2,2,1,0,2026-08-17 04:00:00+00:00,True
2026-08-17 12:00:00+00:00,2,2,1,0,2026-08-17 08:00:00+00:00,True
2026-08-18 16:00:00+00:00,2,2,1,0,2026-08-18 12:00:00+00:00,True
2026-08-19 00:00:00+00:00,2,2,1,0,2026-08-18 20:00:00+00:00,True
2026-08-19 04:00:00+00:00,2,2,1,0,2026-08-19 00:00:00+00:00,True
2026-08-19 12:00:00+00:00,2,2,1,0,2026-08-19 08:00:00+00:00,True
2026-08-20 16:00:00+00:00,2,2,1,0,2026-08-20 12:00:00+00:00,True
2026-08-22 08:00:00+00:00,2,2,1,0,2026-08-22 04:00:00+00:00,True
2026-08-25 20:00:00+00:00,2,2,1,0,2026-08-25 16:00:00+00:00,True
2026-08-26 00:00:00+00:00,2,2,1,0,2026-08-25 20:00:00+00:00,True
2026-08-26 20:00:00+00:00,2,2,1,0,2026-08-26 16:00:00+00:00,True
2026-08-28 00:00:00+00:00,2,2,1,0,2026-08-27 20:00:00+00:00,True
2026-08-28 16:00:00+00:00,2,2,1,0,2026-08-28 12:00:00+00:00,True
2026-08-31 16:00:00+00:00,2,2,1,0,2026-08-31 12:00:00+00:00,True
2025-12-07 20:00:00+00:00,1,1,1,0,2025-12-07 16:00:00+00:00,True
2025-12-08 12:00:00+00:00,1,1,1,0,2025-12-08 08:00:00+00:00,True
2025-12-08 16:00:00+00:00,1,1,1,0,2025-12-08 12:00:00+00:00,True
2025-12-09 20:00:00+00:00,1,1,1,0,2025-12-09 16:00:00+00:00,True
2025-12-11 12:00:00+00:00,1,1,1,0,2025-12-11 08:00:00+00:00,True
2025-12-12 04:00:00+00:00,1,1,1,0,2025-12-12 00:00:00+00:00,True
2025-12-13 00:00:00+00:00,1,1,1,0,2025-12-12 20:00:00+00:00,True
2025-12-13 12:00:00+00:00,1,1,1,0,2025-12-13 08:00:00+00:00,True
2025-12-14 04:00:00+00:00,1,1,1,0,2025-12-14 00:00:00+00:00,True
2025-12-16 00:00:00+00:00,1,1,1,0,2025-12-15 20:00:00+00:00,True
2025-12-16 12:00:00+00:00,1,1,1,0,2025-12-16 08:00:00+00:00,True
2025-12-17 00:00:00+00:00,1,1,1,0,2025-12-16 20:00:00+00:00,True
2025-12-19 16:00:00+00:00,1,1,1,0,2025-12-19 12:00:00+00:00,True
2025-12-20 08:00:00+00:00,1,1,1,0,2025-12-20 04:00:00+00:00,True
2025-12-21 04:00:00+00:00,1,1,1,0,2025-12-21 00:00:00+00:00,True
2025-12-21 20:00:00+00:00,1,1,1,0,2025-12-21 16:00:00+00:00,True
2025-12-22 00:00:00+00:00,1,1,1,0,2025-12-21 20:00:00+00:00,True
2025-12-22 04:00:00+00:00,1,1,1,0,2025-12-22 00:00:00+00:00,True
2025-12-23 20:00:00+00:00,1,1,1,0,2025-12-23 16:00:00+00:00,True
2025-12-24 16:00:00+00:00,1,1,1,0,2025-12-24 12:00:00+00:00,True
2025-12-26 08:00:00+00:00,1,1,1,0,2025-12-26 04:00:00+00:00,True
2025-12-26 16:00:00+00:00,1,1,1,0,2025-12-26 12:00:00+00:00,True
2025-12-27 16:00:00+00:00,1,1,1,0,2025-12-27 12:00:00+00:00,True
2025-12-28 12:00:00+00:00,1,1,1,0,2025-12-28 08:00:00+00:00,True
2025-12-30 00:00:00+00:00,1,1,1,0,2025-12-29 20:00:00+00:00,True
2025-12-30 16:00:00+00:00,1,1,1,0,2025-12-30 12:00:00+00:00,True
2025-12-31 08:00:00+00:00,1,1,1,0,2025-12-31 04:00:00+00:00,True
2025-12-31 12:00:00+00:00,1,1,1,0,2025-12-31 08:00:00+00:00,True
2026-01-02 00:00:00+00:00,1,1,1,0,2026-01-01 20:00:00+00:00,True
2026-01-02 08:00:00+00:00,1,1,1,0,2026-01-02 04:00:00+00:00,True
2026-01-05 04:00:00+00:00,1,1,1,0,2026-01-05 00:00:00+00:00,True
2026-01-07 20:00:00+00:00,1,1,1,0,2026-01-07 16:00:00+00:00,True
2026-01-08 00:00:00+00:00,1,1,1,0,2026-01-07 20:00:00+00:00,True
2026-01-09 12:00:00+00:00,1,1,1,0,2026-01-09 08:00:00+00:00,True
2026-01-12 12:00:00+00:00,1,1,1,0,2026-01-12 08:00:00+00:00,True
2026-01-12 16:00:00+00:00,1,1,1,0,2026-01-12 12:00:00+00:00,True
2026-01-13 08:00:00+00:00,1,1,1,0,2026-01-13 04:00:00+00:00,True
2026-01-14 16:00:00+00:00,1,1,1,0,2026-01-14 12:00:00+00:00,True
2026-01-14 20:00:00+00:00,1,1,1,0,2026-01-14 16:00:00+00:00,True
2026-01-16 00:00:00+00:00,1,1,1,0,2026-01-15 20:00:00+00:00,True
2026-01-16 12:00:00+00:00,1,1,1,0,2026-01-16 08:00:00+00:00,True
2026-01-17 04:00:00+00:00,1,1,1,0,2026-01-17 00:00:00+00:00,True
2026-01-17 08:00:00+00:00,1,1,1,0,2026-01-17 04:00:00+00:00,True
2026-01-17 12:00:00+00:00,1,1,1,0,2026-01-17 08:00:00+00:00,True
2026-01-17 16:00:00+00:00,1,1,1,0,2026-01-17 12:00:00+00:00,True
2026-01-18 12:00:00+00:00,1,1,1,0,2026-01-18 08:00:00+00:00,True
2026-01-19 16:00:00+00:00,1,1,1,0,2026-01-19 12:00:00+00:00,True
2026-01-19 20:00:00+00:00,1,1,1,0,2026-01-19 16:00:00+00:00,True
2026-01-20 00:00:00+00:00,1,1,1,0,2026-01-19 20:00:00+00:00,True
2026-01-20 04:00:00+00:00,1,1,1,0,2026-01-20 00:00:00+00:00,True
2026-01-21 04:00:00+00:00,1,1,1,0,2026-01-21 00:00:00+00:00,True
2026-01-21 12:00:00+00:00,1,1,1,0,2026-01-21 08:00:00+00:00,True
2026-01-22 08:00:00+00:00,1,1,1,0,2026-01-22 04:00:00+00:00,True
2026-01-22 12:00:00+00:00,1,1,1,0,2026-01-22 08:00:00+00:00,True
2026-01-22 20:00:00+00:00,1,1,1,0,2026-01-22 16:00:00+00:00,True
2026-01-23 08:00:00+00:00,1,1,1,0,2026-01-23 04:00:00+00:00,True
2026-01-24 08:00:00+00:00,1,1,1,0,2026-01-24 04:00:00+00:00,True
2026-01-25 00:00:00+00:00,1,1,1,0,2026-01-24 20:00:00+00:00,True
2026-01-26 20:00:00+00:00,1,1,1,0,2026-01-26 16:00:00+00:00,True
2026-01-27 00:00:00+00:00,1,1,1,0,2026-01-26 20:00:00+00:00,True
2026-01-27 04:00:00+00:00,1,1,1,0,2026-01-27 00:00:00+00:00,True
2026-01-29 00:00:00+00:00,1,1,1,0,2026-01-28 20:00:00+00:00,True
2026-01-31 00:00:00+00:00,1,1,1,0,2026-01-30 20:00:00+00:00,True
2026-02-01 16:00:00+00:00,1,1,1,0,2026-02-01 12:00:00+00:00,True
2026-02-03 04:00:00+00:00,1,1,1,0,2026-02-03 00:00:00+00:00,True
2026-02-03 08:00:00+00:00,1,1,1,0,2026-02-03 04:00:00+00:00,True
2026-02-03 16:00:00+00:00,1,1,1,0,2026-02-03 12:00:00+00:00,True
2026-02-04 12:00:00+00:00,1,1,1,0,2026-02-04 08:00:00+00:00,True
2026-02-05 00:00:00+00:00,1,1,1,0,2026-02-04 20:00:00+00:00,True
2026-02-06 08:00:00+00:00,1,1,1,0,2026-02-06 04:00:00+00:00,True
2026-02-06 16:00:00+00:00,1,1,1,0,2026-02-06 12:00:00+00:00,True
2026-02-07 08:00:00+00:00,1,1,1,0,2026-02-07 04:00:00+00:00,True
2026-02-07 12:00:00+00:00,1,1,1,0,2026-02-07 08:00:00+00:00,True
2026-02-07 20:00:00+00:00,1,1,1,0,2026-02-07 16:00:00+00:00,True
2026-02-08 04:00:00+00:00,1,1,1,0,2026-02-08 00:00:00+00:00,True
2026-02-08 16:00:00+00:00,1,1,1,0,2026-02-08 12:00:00+00:00,True
2026-02-09 00:00:00+00:00,1,1,1,0,2026-02-08 20:00:00+00:00,True
2026-02-09 16:00:00+00:00,1,1,1,0,2026-02-09 12:00:00+00:00,True
2026-02-10 00:00:00+00:00,1,1,1,0,2026-02-09 20:00:00+00:00,True
2026-02-10 20:00:00+00:00,1,1,1,0,2026-02-10 16:00:00+00:00,True
2026-02-11 16:00:00+00:00,1,1,1,0,2026-02-11 12:00:00+00:00,True
2026-02-12 08:00:00+00:00,1,1,1,0,2026-02-12 04:00:00+00:00,True
2026-02-12 16:00:00+00:00,1,1,1,0,2026-02-12 12:00:00+00:00,True
2026-02-14 08:00:00+00:00,1,1,1,0,2026-02-14 04:00:00+00:00,True
2026-02-15 04:00:00+00:00,1,1,1,0,2026-02-15 00:00:00+00:00,True
2026-02-16 16:00:00+00:00,1,1,1,0,2026-02-16 12:00:00+00:00,True
2026-02-17 04:00:00+00:00,1,1,1,0,2026-02-17 00:00:00+00:00,True
2026-02-17 08:00:00+00:00,1,1,1,0,2026-02-17 04:00:00+00:00,True
2026-02-17 12:00:00+00:00,1,1,1,0,2026-02-17 08:00:00+00:00,True
2026-02-17 16:00:00+00:00,1,1,1,0,2026-02-17 12:00:00+00:00,True
2026-02-18 04:00:00+00:00,1,1,1,0,2026-02-18 00:00:00+00:00,True
2026-02-19 00:00:00+00:00,1,1,1,0,2026-02-18 20:00:00+00:00,True
2026-02-19 08:00:00+00:00,1,1,1,0,2026-02-19 04:00:00+00:00,True
2026-02-20 12:00:00+00:00,1,1,1,0,2026-02-20 08:00:00+00:00,True
2026-02-20 16:00:00+00:00,1,1,1,0,2026-02-20 12:00:00+00:00,True
2026-02-21 08:00:00+00:00,1,1,1,0,2026-02-21 04:00:00+00:00,True
2026-02-21 16:00:00+00:00,1,1,1,0,2026-02-21 12:00:00+00:00,True
2026-02-22 08:00:00+00:00,1,1,1,0,2026-02-22 04:00:00+00:00,True
2026-02-23 12:00:00+00:00,1,1,1,0,2026-02-23 08:00:00+00:00,True
2026-02-24 20:00:00+00:00,1,1,1,0,2026-02-24 16:00:00+00:00,True
2026-02-25 00:00:00+00:00,1,1,1,0,2026-02-24 20:00:00+00:00,True
2026-02-25 04:00:00+00:00,1,1,1,0,2026-02-25 00:00:00+00:00,True
2026-02-25 08:00:00+00:00,1,1,1,0,2026-02-25 04:00:00+00:00,True
2026-02-25 12:00:00+00:00,1,1,1,0,2026-02-25 08:00:00+00:00,True
2026-02-26 04:00:00+00:00,1,1,1,0,2026-02-26 00:00:00+00:00,True
2026-02-27 00:00:00+00:00,1,1,1,0,2026-02-26 20:00:00+00:00,True
2026-02-27 16:00:00+00:00,1,1,1,0,2026-02-27 12:00:00+00:00,True
2026-03-01 16:00:00+00:00,1,1,1,0,2026-03-01 12:00:00+00:00,True
2026-03-02 08:00:00+00:00,1,1,1,0,2026-03-02 04:00:00+00:00,True
2026-03-03 00:00:00+00:00,1,1,1,0,2026-03-02 20:00:00+00:00,True
2026-03-03 04:00:00+00:00,1,1,1,0,2026-03-03 00:00:00+00:00,True
2026-03-03 16:00:00+00:00,1,1,1,0,2026-03-03 12:00:00+00:00,True
2026-03-04 00:00:00+00:00,1,1,1,0,2026-03-03 20:00:00+00:00,True
2026-03-04 04:00:00+00:00,1,1,1,0,2026-03-04 00:00:00+00:00,True
2026-03-04 16:00:00+00:00,1,1,1,0,2026-03-04 12:00:00+00:00,True
2026-03-05 00:00:00+00:00,1,1,1,0,2026-03-04 20:00:00+00:00,True
2026-03-05 08:00:00+00:00,1,1,1,0,2026-03-05 04:00:00+00:00,True
2026-03-05 12:00:00+00:00,1,1,1,0,2026-03-05 08:00:00+00:00,True
2026-03-05 16:00:00+00:00,1,1,1,0,2026-03-05 12:00:00+00:00,True
2026-03-06 04:00:00+00:00,1,1,1,0,2026-03-06 00:00:00+00:00,True
2026-03-07 00:00:00+00:00,1,1,1,0,2026-03-06 20:00:00+00:00,True
2026-03-09 12:00:00+00:00,1,1,1,0,2026-03-09 08:00:00+00:00,True
2026-03-10 08:00:00+00:00,1,1,1,0,2026-03-10 04:00:00+00:00,True
2026-03-10 16:00:00+00:00,1,1,1,0,2026-03-10 12:00:00+00:00,True
2026-03-11 04:00:00+00:00,1,1,1,0,2026-03-11 00:00:00+00:00,True
2026-03-11 08:00:00+00:00,1,1,1,0,2026-03-11 04:00:00+00:00,True
2026-03-11 16:00:00+00:00,1,1,1,0,2026-03-11 12:00:00+00:00,True
2026-03-12 16:00:00+00:00,1,1,1,0,2026-03-12 12:00:00+00:00,True
2026-03-12 20:00:00+00:00,1,1,1,0,2026-03-12 16:00:00+00:00,True
2026-03-13 00:00:00+00:00,1,1,1,0,2026-03-12 20:00:00+00:00,True
2026-03-13 20:00:00+00:00,1,1,1,0,2026-03-13 16:00:00+00:00,True
2026-03-14 08:00:00+00:00,1,1,1,0,2026-03-14 04:00:00+00:00,True
2026-03-14 16:00:00+00:00,1,1,1,0,2026-03-14 12:00:00+00:00,True
2026-03-14 20:00:00+00:00,1,1,1,0,2026-03-14 16:00:00+00:00,True
2026-03-15 04:00:00+00:00,1,1,1,0,2026-03-15 00:00:00+00:00,True
2026-03-15 20:00:00+00:00,1,1,1,0,2026-03-15 16:00:00+00:00,True
2026-03-16 00:00:00+00:00,1,1,1,0,2026-03-15 20:00:00+00:00,True
2026-03-16 08:00:00+00:00,1,1,1,0,2026-03-16 04:00:00+00:00,True
2026-03-16 20:00:00+00:00,1,1,1,0,2026-03-16 16:00:00+00:00,True
2026-03-17 04:00:00+00:00,1,1,1,0,2026-03-17 00:00:00+00:00,True
2026-03-17 16:00:00+00:00,1,1,1,0,2026-03-17 12:00:00+00:00,True
2026-03-18 08:00:00+00:00,1,1,1,0,2026-03-18 04:00:00+00:00,True
2026-03-18 20:00:00+00:00,1,1,1,0,2026-03-18 16:00:00+00:00,True
2026-03-19 12:00:00+00:00,1,1,1,0,2026-03-19 08:00:00+00:00,True
2026-03-19 20:00:00+00:00,1,1,1,0,2026-03-19 16:00:00+00:00,True
2026-03-20 12:00:00+00:00,1,1,1,0,2026-03-20 08:00:00+00:00,True
2026-03-21 04:00:00+00:00,1,1,1,0,2026-03-21 00:00:00+00:00,True
2026-03-22 16:00:00+00:00,1,1,1,0,2026-03-22 12:00:00+00:00,True
2026-03-23 12:00:00+00:00,1,1,1,0,2026-03-23 08:00:00+00:00,True
2026-03-23 16:00:00+00:00,1,1,1,0,2026-03-23 12:00:00+00:00,True
2026-03-24 08:00:00+00:00,1,1,1,0,2026-03-24 04:00:00+00:00,True
2026-03-24 12:00:00+00:00,1,1,1,0,2026-03-24 08:00:00+00:00,True
2026-03-24 16:00:00+00:00,1,1,1,0,2026-03-24 12:00:00+00:00,True
2026-03-25 04:00:00+00:00,1,1,1,0,2026-03-25 00:00:00+00:00,True
2026-03-25 16:00:00+00:00,1,1,1,0,2026-03-25 12:00:00+00:00,True
2026-03-28 08:00:00+00:00,1,1,1,0,2026-03-28 04:00:00+00:00,True
2026-03-29 04:00:00+00:00,1,1,1,0,2026-03-29 00:00:00+00:00,True
2026-03-30 16:00:00+00:00,1,1,1,0,2026-03-30 12:00:00+00:00,True
2026-03-31 20:00:00+00:00,1,1,1,0,2026-03-31 16:00:00+00:00,True
2026-04-01 00:00:00+00:00,1,1,1,0,2026-03-31 20:00:00+00:00,True
2026-04-01 08:00:00+00:00,1,1,1,0,2026-04-01 04:00:00+00:00,True
2026-04-01 20:00:00+00:00,1,1,1,0,2026-04-01 16:00:00+00:00,True
2026-04-03 00:00:00+00:00,1,1,1,0,2026-04-02 20:00:00+00:00,True
2026-04-03 04:00:00+00:00,1,1,1,0,2026-04-03 00:00:00+00:00,True
2026-04-03 08:00:00+00:00,1,1,1,0,2026-04-03 04:00:00+00:00,True
2026-04-03 12:00:00+00:00,1,1,1,0,2026-04-03 08:00:00+00:00,True
2026-04-04 08:00:00+00:00,1,1,1,0,2026-04-04 04:00:00+00:00,True
2026-04-06 00:00:00+00:00,1,1,1,0,2026-04-05 20:00:00+00:00,True
2026-04-06 16:00:00+00:00,1,1,1,0,2026-04-06 12:00:00+00:00,True
2026-04-07 08:00:00+00:00,1,1,1,0,2026-04-07 04:00:00+00:00,True
2026-04-09 04:00:00+00:00,1,1,1,0,2026-04-09 00:00:00+00:00,True
2026-04-09 16:00:00+00:00,1,1,1,0,2026-04-09 12:00:00+00:00,True
2026-04-10 04:00:00+00:00,1,1,1,0,2026-04-10 00:00:00+00:00,True
2026-04-10 12:00:00+00:00,1,1,1,0,2026-04-10 08:00:00+00:00,True
2026-04-11 00:00:00+00:00,1,1,1,0,2026-04-10 20:00:00+00:00,True
2026-04-11 16:00:00+00:00,1,1,1,0,2026-04-11 12:00:00+00:00,True
2026-04-12 20:00:00+00:00,1,1,1,0,2026-04-12 16:00:00+00:00,True
2026-04-13 04:00:00+00:00,1,1,1,0,2026-04-13 00:00:00+00:00,True
2026-04-13 16:00:00+00:00,1,1,1,0,2026-04-13 12:00:00+00:00,True
2026-04-13 20:00:00+00:00,1,1,1,0,2026-04-13 16:00:00+00:00,True
2026-04-14 00:00:00+00:00,1,1,1,0,2026-04-13 20:00:00+00:00,True
2026-04-14 12:00:00+00:00,1,1,1,0,2026-04-14 08:00:00+00:00,True
2026-04-14 20:00:00+00:00,1,1,1,0,2026-04-14 16:00:00+00:00,True
2026-04-15 12:00:00+00:00,1,1,1,0,2026-04-15 08:00:00+00:00,True
2026-04-17 04:00:00+00:00,1,1,1,0,2026-04-17 00:00:00+00:00,True
2026-04-17 08:00:00+00:00,1,1,1,0,2026-04-17 04:00:00+00:00,True
2026-04-17 12:00:00+00:00,1,1,1,0,2026-04-17 08:00:00+00:00,True
2026-04-19 20:00:00+00:00,1,1,1,0,2026-04-19 16:00:00+00:00,True
2026-04-21 04:00:00+00:00,1,1,1,0,2026-04-21 00:00:00+00:00,True
2026-04-24 12:00:00+00:00,1,1,1,0,2026-04-24 08:00:00+00:00,True
2026-04-24 20:00:00+00:00,1,1,1,0,2026-04-24 16:00:00+00:00,True
2026-04-25 00:00:00+00:00,1,1,1,0,2026-04-24 20:00:00+00:00,True
2026-04-27 00:00:00+00:00,1,1,1,0,2026-04-26 20:00:00+00:00,True
2026-04-28 12:00:00+00:00,1,1,1,0,2026-04-28 08:00:00+00:00,True
2026-04-29 12:00:00+00:00,1,1,1,0,2026-04-29 08:00:00+00:00,True
2026-04-30 08:00:00+00:00,1,1,1,0,2026-04-30 04:00:00+00:00,True
2026-04-30 12:00:00+00:00,1,1,1,0,2026-04-30 08:00:00+00:00,True
2026-05-01 00:00:00+00:00,1,1,1,0,2026-04-30 20:00:00+00:00,True
2026-05-01 04:00:00+00:00,1,1,1,0,2026-05-01 00:00:00+00:00,True
2026-05-01 12:00:00+00:00,1,1,1,0,2026-05-01 08:00:00+00:00,True
2026-05-02 04:00:00+00:00,1,1,1,0,2026-05-02 00:00:00+00:00,True
2026-05-04 00:00:00+00:00,1,1,1,0,2026-05-03 20:00:00+00:00,True
2026-05-05 00:00:00+00:00,1,1,1,0,2026-05-04 20:00:00+00:00,True
2026-05-05 08:00:00+00:00,1,1,1,0,2026-05-05 04:00:00+00:00,True
2026-05-07 00:00:00+00:00,1,1,1,0,2026-05-06 20:00:00+00:00,True
2026-05-12 12:00:00+00:00,1,1,1,0,2026-05-12 08:00:00+00:00,True
2026-05-13 00:00:00+00:00,1,1,1,0,2026-05-12 20:00:00+00:00,True
2026-05-14 04:00:00+00:00,1,1,1,0,2026-05-14 00:00:00+00:00,True
2026-05-15 00:00:00+00:00,1,1,1,0,2026-05-14 20:00:00+00:00,True
2026-05-15 08:00:00+00:00,1,1,1,0,2026-05-15 04:00:00+00:00,True
2026-05-15 12:00:00+00:00,1,1,1,0,2026-05-15 08:00:00+00:00,True
2026-05-17 04:00:00+00:00,1,1,1,0,2026-05-17 00:00:00+00:00,True
2026-05-18 08:00:00+00:00,1,1,1,0,2026-05-18 04:00:00+00:00,True
2026-05-18 12:00:00+00:00,1,1,1,0,2026-05-18 08:00:00+00:00,True
2026-05-18 16:00:00+00:00,1,1,1,0,2026-05-18 12:00:00+00:00,True
2026-05-19 00:00:00+00:00,1,1,1,0,2026-05-18 20:00:00+00:00,True
2026-05-19 08:00:00+00:00,1,1,1,0,2026-05-19 04:00:00+00:00,True
2026-05-19 16:00:00+00:00,1,1,1,0,2026-05-19 12:00:00+00:00,True
2026-05-20 12:00:00+00:00,1,1,1,0,2026-05-20 08:00:00+00:00,True
2026-05-21 08:00:00+00:00,1,1,1,0,2026-05-21 04:00:00+00:00,True
2026-05-22 12:00:00+00:00,1,1,1,0,2026-05-22 08:00:00+00:00,True
2026-05-24 20:00:00+00:00,1,1,1,0,2026-05-24 16:00:00+00:00,True
2026-05-25 04:00:00+00:00,1,1,1,0,2026-05-25 00:00:00+00:00,True
2026-05-25 12:00:00+00:00,1,1,1,0,2026-05-25 08:00:00+00:00,True
2026-05-26 00:00:00+00:00,1,1,1,0,2026-05-25 20:00:00+00:00,True
2026-05-26 08:00:00+00:00,1,1,1,0,2026-05-26 04:00:00+00:00,True
2026-05-27 08:00:00+00:00,1,1,1,0,2026-05-27 04:00:00+00:00,True
2026-05-27 16:00:00+00:00,1,1,1,0,2026-05-27 12:00:00+00:00,True
2026-05-28 16:00:00+00:00,1,1,1,0,2026-05-28 12:00:00+00:00,True
2026-05-28 20:00:00+00:00,1,1,1,0,2026-05-28 16:00:00+00:00,True
2026-05-29 04:00:00+00:00,1,1,1,0,2026-05-29 00:00:00+00:00,True
2026-05-29 16:00:00+00:00,1,1,1,0,2026-05-29 12:00:00+00:00,True
2026-05-30 04:00:00+00:00,1,1,1,0,2026-05-30 00:00:00+00:00,True
2026-05-31 00:00:00+00:00,1,1,1,0,2026-05-30 20:00:00+00:00,True
2026-05-31 08:00:00+00:00,1,1,1,0,2026-05-31 04:00:00+00:00,True
2026-05-31 12:00:00+00:00,1,1,1,0,2026-05-31 08:00:00+00:00,True
2026-06-01 20:00:00+00:00,1,1,1,0,2026-06-01 16:00:00+00:00,True
2026-06-02 00:00:00+00:00,1,1,1,0,2026-06-01 20:00:00+00:00,True
2026-06-02 04:00:00+00:00,1,1,1,0,2026-06-02 00:00:00+00:00,True
2026-06-04 16:00:00+00:00,1,1,1,0,2026-06-04 12:00:00+00:00,True
2026-06-06 16:00:00+00:00,1,1,1,0,2026-06-06 12:00:00+00:00,True
2026-06-07 00:00:00+00:00,1,1,1,0,2026-06-06 20:00:00+00:00,True
2026-06-10 16:00:00+00:00,1,1,1,0,2026-06-10 12:00:00+00:00,True
2026-06-11 16:00:00+00:00,1,1,1,0,2026-06-11 12:00:00+00:00,True
2026-06-12 04:00:00+00:00,1,1,1,0,2026-06-12 00:00:00+00:00,True
2026-06-12 12:00:00+00:00,1,1,1,0,2026-06-12 08:00:00+00:00,True
2026-06-12 16:00:00+00:00,1,1,1,0,2026-06-12 12:00:00+00:00,True
2026-06-12 20:00:00+00:00,1,1,1,0,2026-06-12 16:00:00+00:00,True
2026-06-14 12:00:00+00:00,1,1,1,0,2026-06-14 08:00:00+00:00,True
2026-06-14 20:00:00+00:00,1,1,1,0,2026-06-14 16:00:00+00:00,True
2026-06-15 00:00:00+00:00,1,1,1,0,2026-06-14 20:00:00+00:00,True
2026-06-16 00:00:00+00:00,1,1,1,0,2026-06-15 20:00:00+00:00,True
2026-06-17 04:00:00+00:00,1,1,1,0,2026-06-17 00:00:00+00:00,True
2026-06-17 12:00:00+00:00,1,1,1,0,2026-06-17 08:00:00+00:00,True
2026-06-18 08:00:00+00:00,1,1,1,0,2026-06-18 04:00:00+00:00,True
2026-06-18 12:00:00+00:00,1,1,1,0,2026-06-18 08:00:00+00:00,True
2026-06-19 12:00:00+00:00,1,1,1,0,2026-06-19 08:00:00+00:00,True
2026-06-20 08:00:00+00:00,1,1,1,0,2026-06-20 04:00:00+00:00,True
2026-06-21 16:00:00+00:00,1,1,1,0,2026-06-21 12:00:00+00:00,True
2026-06-21 20:00:00+00:00,1,1,1,0,2026-06-21 16:00:00+00:00,True
2026-06-22 08:00:00+00:00,1,1,1,0,2026-06-22 04:00:00+00:00,True
2026-06-23 16:00:00+00:00,1,1,1,0,2026-06-23 12:00:00+00:00,True
2026-06-24 00:00:00+00:00,1,1,1,0,2026-06-23 20:00:00+00:00,True
2026-06-24 08:00:00+00:00,1,1,1,0,2026-06-24 04:00:00+00:00,True
2026-06-25 00:00:00+00:00,1,1,1,0,2026-06-24 20:00:00+00:00,True
2026-06-25 08:00:00+00:00,1,1,1,0,2026-06-25 04:00:00+00:00,True
2026-06-26 12:00:00+00:00,1,1,1,0,2026-06-26 08:00:00+00:00,True
2026-06-26 16:00:00+00:00,1,1,1,0,2026-06-26 12:00:00+00:00,True
2026-06-27 04:00:00+00:00,1,1,1,0,2026-06-27 00:00:00+00:00,True
2026-06-28 00:00:00+00:00,1,1,1,0,2026-06-27 20:00:00+00:00,True
2026-06-29 08:00:00+00:00,1,1,1,0,2026-06-29 04:00:00+00:00,True
2026-06-29 16:00:00+00:00,1,1,1,0,2026-06-29 12:00:00+00:00,True
2026-06-30 00:00:00+00:00,1,1,1,0,2026-06-29 20:00:00+00:00,True
2026-06-30 20:00:00+00:00,1,1,1,0,2026-06-30 16:00:00+00:00,True
2026-07-01 04:00:00+00:00,1,1,1,0,2026-07-01 00:00:00+00:00,True
2026-07-02 04:00:00+00:00,1,1,1,0,2026-07-02 00:00:00+00:00,True
2026-07-02 08:00:00+00:00,1,1,1,0,2026-07-02 04:00:00+00:00,True
2026-07-02 16:00:00+00:00,1,1,1,0,2026-07-02 12:00:00+00:00,True
2026-07-04 04:00:00+00:00,1,1,1,0,2026-07-04 00:00:00+00:00,True
2026-07-05 00:00:00+00:00,1,1,1,0,2026-07-04 20:00:00+00:00,True
2026-07-05 04:00:00+00:00,1,1,1,0,2026-07-05 00:00:00+00:00,True
2026-07-07 04:00:00+00:00,1,1,1,0,2026-07-07 00:00:00+00:00,True
2026-07-07 08:00:00+00:00,1,1,1,0,2026-07-07 04:00:00+00:00,True
2026-07-07 12:00:00+00:00,1,1,1,0,2026-07-07 08:00:00+00:00,True
2026-07-08 08:00:00+00:00,1,1,1,0,2026-07-08 04:00:00+00:00,True
2026-07-10 00:00:00+00:00,1,1,1,0,2026-07-09 20:00:00+00:00,True
2026-07-10 08:00:00+00:00,1,1,1,0,2026-07-10 04:00:00+00:00,True
2026-07-10 20:00:00+00:00,1,1,1,0,2026-07-10 16:00:00+00:00,True
2026-07-11 08:00:00+00:00,1,1,1,0,2026-07-11 04:00:00+00:00,True
2026-07-11 12:00:00+00:00,1,1,1,0,2026-07-11 08:00:00+00:00,True
2026-07-11 16:00:00+00:00,1,1,1,0,2026-07-11 12:00:00+00:00,True
2026-07-12 00:00:00+00:00,1,1,1,0,2026-07-11 20:00:00+00:00,True
2026-07-12 04:00:00+00:00,1,1,1,0,2026-07-12 00:00:00+00:00,True
2026-07-12 20:00:00+00:00,1,1,1,0,2026-07-12 16:00:00+00:00,True
2026-07-13 08:00:00+00:00,1,1,1,0,2026-07-13 04:00:00+00:00,True
2026-07-14 04:00:00+00:00,1,1,1,0,2026-07-14 00:00:00+00:00,True
2026-07-14 20:00:00+00:00,1,1,1,0,2026-07-14 16:00:00+00:00,True
2026-07-15 04:00:00+00:00,1,1,1,0,2026-07-15 00:00:00+00:00,True
2026-07-15 08:00:00+00:00,1,1,1,0,2026-07-15 04:00:00+00:00,True
2026-07-15 12:00:00+00:00,1,1,1,0,2026-07-15 08:00:00+00:00,True
2026-07-16 04:00:00+00:00,1,1,1,0,2026-07-16 00:00:00+00:00,True
2026-07-16 08:00:00+00:00,1,1,1,0,2026-07-16 04:00:00+00:00,True
2026-07-17 12:00:00+00:00,1,1,1,0,2026-07-17 08:00:00+00:00,True
2026-07-17 20:00:00+00:00,1,1,1,0,2026-07-17 16:00:00+00:00,True
2026-07-18 20:00:00+00:00,1,1,1,0,2026-07-18 16:00:00+00:00,True
2026-07-19 00:00:00+00:00,1,1,1,0,2026-07-18 20:00:00+00:00,True
2026-07-20 12:00:00+00:00,1,1,1,0,2026-07-20 08:00:00+00:00,True
2026-07-21 12:00:00+00:00,1,1,1,0,2026-07-21 08:00:00+00:00,True
2026-07-23 04:00:00+00:00,1,1,1,0,2026-07-23 00:00:00+00:00,True
2026-07-24 12:00:00+00:00,1,1,1,0,2026-07-24 08:00:00+00:00,True
2026-07-25 04:00:00+00:00,1,1,1,0,2026-07-25 00:00:00+00:00,True
2026-07-25 16:00:00+00:00,1,1,1,0,2026-07-25 12:00:00+00:00,True
2026-07-26 20:00:00+00:00,1,1,1,0,2026-07-26 16:00:00+00:00,True
2026-07-27 04:00:00+00:00,1,1,1,0,2026-07-27 00:00:00+00:00,True
2026-07-30 04:00:00+00:00,1,1,1,0,2026-07-30 00:00:00+00:00,True
2026-08-01 00:00:00+00:00,1,1,1,0,2026-07-31 20:00:00+00:00,True
2026-08-01 08:00:00+00:00,1,1,1,0,2026-08-01 04:00:00+00:00,True
2026-08-01 16:00:00+00:00,1,1,1,0,2026-08-01 12:00:00+00:00,True
2026-08-02 00:00:00+00:00,1,1,1,0,2026-08-01 20:00:00+00:00,True
2026-08-02 04:00:00+00:00,1,1,1,0,2026-08-02 00:00:00+00:00,True
2026-08-02 08:00:00+00:00,1,1,1,0,2026-08-02 04:00:00+00:00,True
2026-08-02 16:00:00+00:00,1,1,1,0,2026-08-02 12:00:00+00:00,True
2026-08-02 20:00:00+00:00,1,1,1,0,2026-08-02 16:00:00+00:00,True
2026-08-03 00:00:00+00:00,1,1,1,0,2026-08-02 20:00:00+00:00,True
2026-08-03 16:00:00+00:00,1,1,1,0,2026-08-03 12:00:00+00:00,True
2026-08-03 20:00:00+00:00,1,1,1,0,2026-08-03 16:00:00+00:00,True
2026-08-04 00:00:00+00:00,1,1,1,0,2026-08-03 20:00:00+00:00,True
2026-08-05 08:00:00+00:00,1,1,1,0,2026-08-05 04:00:00+00:00,True
2026-08-06 16:00:00+00:00,1,1,1,0,2026-08-06 12:00:00+00:00,True
2026-08-07 00:00:00+00:00,1,1,1,0,2026-08-06 20:00:00+00:00,True
2026-08-07 16:00:00+00:00,1,1,1,0,2026-08-07 12:00:00+00:00,True
2026-08-08 04:00:00+00:00,1,1,1,0,2026-08-08 00:00:00+00:00,True
2026-08-08 12:00:00+00:00,1,1,1,0,2026-08-08 08:00:00+00:00,True
2026-08-08 16:00:00+00:00,1,1,1,0,2026-08-08 12:00:00+00:00,True
2026-08-08 20:00:00+00:00,1,1,1,0,2026-08-08 16:00:00+00:00,True
2026-08-09 04:00:00+00:00,1,1,1,0,2026-08-09 00:00:00+00:00,True
2026-08-09 08:00:00+00:00,1,1,1,0,2026-08-09 04:00:00+00:00,True
2026-08-09 12:00:00+00:00,1,1,1,0,2026-08-09 08:00:00+00:00,True
2026-08-09 16:00:00+00:00,1,1,1,0,2026-08-09 12:00:00+00:00,True
2026-08-10 04:00:00+00:00,1,1,1,0,2026-08-10 00:00:00+00:00,True
2026-08-10 08:00:00+00:00,1,1,1,0,2026-08-10 04:00:00+00:00,True
2026-08-10 12:00:00+00:00,1,1,1,0,2026-08-10 08:00:00+00:00,True
2026-08-11 04:00:00+00:00,1,1,1,0,2026-08-11 00:00:00+00:00,True
2026-08-12 08:00:00+00:00,1,1,1,0,2026-08-12 04:00:00+00:00,True
2026-08-12 12:00:00+00:00,1,1,1,0,2026-08-12 08:00:00+00:00,True
2026-08-13 04:00:00+00:00,1,1,1,0,2026-08-13 00:00:00+00:00,True
2026-08-15 04:00:00+00:00,1,1,1,0,2026-08-15 00:00:00+00:00,True
2026-08-15 08:00:00+00:00,1,1,1,0,2026-08-15 04:00:00+00:00,True
2026-08-16 08:00:00+00:00,1,1,1,0,2026-08-16 04:00:00+00:00,True
2026-08-16 16:00:00+00:00,1,1,1,0,2026-08-16 12:00:00+00:00,True
2026-08-16 20:00:00+00:00,1,1,1,0,2026-08-16 16:00:00+00:00,True
2026-08-18 08:00:00+00:00,1,1,1,0,2026-08-18 04:00:00+00:00,True
2026-08-18 20:00:00+00:00,1,1,1,0,2026-08-18 16:00:00+00:00,True
2026-08-19 16:00:00+00:00,1,1,1,0,2026-08-19 12:00:00+00:00,True
2026-08-20 08:00:00+00:00,1,1,1,0,2026-08-20 04:00:00+00:00,True
2026-08-20 20:00:00+00:00,1,1,1,0,2026-08-20 16:00:00+00:00,True
2026-08-21 00:00:00+00:00,1,1,1,0,2026-08-20 20:00:00+00:00,True
2026-08-21 04:00:00+00:00,1,1,1,0,2026-08-21 00:00:00+00:00,True
2026-08-22 04:00:00+00:00,1,1,1,0,2026-08-22 00:00:00+00:00,True
2026-08-22 16:00:00+00:00,1,1,1,0,2026-08-22 12:00:00+00:00,True
2026-08-22 20:00:00+00:00,1,1,1,0,2026-08-22 16:00:00+00:00,True
2026-08-24 00:00:00+00:00,1,1,1,0,2026-08-23 20:00:00+00:00,True
2026-08-24 12:00:00+00:00,1,1,1,0,2026-08-24 08:00:00+00:00,True
2026-08-24 16:00:00+00:00,1,1,1,0,2026-08-24 12:00:00+00:00,True
2026-08-25 16:00:00+00:00,1,1,1,0,2026-08-25 12:00:00+00:00,True
2026-08-26 16:00:00+00:00,1,1,1,0,2026-08-26 12:00:00+00:00,True
2026-08-27 04:00:00+00:00,1,1,1,0,2026-08-27 00:00:00+00:00,True
2026-08-28 08:00:00+00:00,1,1,1,0,2026-08-28 04:00:00+00:00,True
2026-08-31 12:00:00+00:00,1,1,1,0,2026-08-31 08:00:00+00:00,True
