entry_time,r,side
2019-09-01 21:00:00+00:00,1.9253182206889832,short
2019-09-06 12:00:00+00:00,-1.1319020111339604,long
2019-09-07 13:00:00+00:00,-1.1553498300185912,short
2019-09-08 14:00:00+00:00,-1.0758804179625385,short
2019-09-08 21:00:00+00:00,1.980381119912523,short
2019-09-19 13:00:00+00:00,-1.0516181395732571,short
2019-09-21 06:00:00+00:00,-1.1932638891430198,long
2019-09-21 11:00:00+00:00,1.973396407618989,short
2019-10-04 00:00:00+00:00,1.9632581274575263,long
2019-10-07 19:00:00+00:00,-1.0724673800880362,short
2019-10-12 08:00:00+00:00,1.9743827617119276,long
2019-10-18 14:00:00+00:00,-1.056460506128476,long
2019-10-20 07:00:00+00:00,1.97234263547386,long
2019-10-20 15:00:00+00:00,-1.0484224827012558,short
2019-10-22 10:00:00+00:00,-1.1259755873757693,long
2019-10-24 10:00:00+00:00,1.977413861059121,long
2019-10-27 04:00:00+00:00,1.9816504491881641,short
2019-10-27 13:00:00+00:00,-1.072147798306367,short
2019-10-28 12:00:00+00:00,1.9723205876917391,long
2019-10-29 20:00:00+00:00,-1.0915096738027217,short
2019-10-30 09:00:00+00:00,1.985672988785958,short
2019-11-05 19:00:00+00:00,-1.1546365062318313,short
2019-11-10 23:00:00+00:00,-1.2684419940956693,long
2019-11-17 20:00:00+00:00,-1.2020336019953477,long
2019-11-22 01:00:00+00:00,-1.0938876613974764,long
2019-11-30 05:00:00+00:00,1.9642708760667027,short
2019-12-01 14:00:00+00:00,1.9397015634827928,short
2019-12-13 04:00:00+00:00,1.969035196589294,short
2019-12-20 04:00:00+00:00,1.9568418936145555,short
2019-12-24 11:00:00+00:00,-1.1309625439541655,long
2019-12-24 23:00:00+00:00,-1.0766228017531592,long
2019-12-29 08:00:00+00:00,-1.1649705094369036,short
2020-01-07 18:00:00+00:00,-1.1246837356382906,short
2020-01-16 22:00:00+00:00,1.9769949826558897,long
2020-01-17 19:00:00+00:00,1.9748394167584271,long
2020-01-20 22:00:00+00:00,-1.1685030579265747,long
2020-01-21 20:00:00+00:00,1.9782375456140622,short
2020-01-31 02:00:00+00:00,-1.0409197211335404,long
2020-01-31 18:00:00+00:00,-1.138145386794182,short
2020-02-01 05:00:00+00:00,-1.0895583125047021,long
2020-02-03 21:00:00+00:00,1.9862245263223408,long
2020-02-18 21:00:00+00:00,-1.0625234420617937,long
2020-02-20 23:00:00+00:00,-1.0383857954038473,long
2020-02-28 23:00:00+00:00,1.9850841509513877,short
2020-03-07 15:00:00+00:00,-1.2385344751782974,short
2020-03-14 22:00:00+00:00,-1.0148368789742512,long
2020-03-16 19:00:00+00:00,1.9953319604403965,long
2020-03-24 01:00:00+00:00,-1.0793688857757557,long
2020-03-24 15:00:00+00:00,1.9756205438600922,long
2020-04-11 14:00:00+00:00,-1.0409873192678658,long
2020-04-14 08:00:00+00:00,1.9775848470248134,long
2020-04-14 18:00:00+00:00,-1.136540520457591,long
2020-04-15 09:00:00+00:00,1.9758387531867605,short
2020-04-19 21:00:00+00:00,1.9590584577381585,short
2020-04-23 10:00:00+00:00,1.9714877305231466,long
2020-04-25 15:00:00+00:00,1.9706139192303838,long
2020-04-26 21:00:00+00:00,1.9833902113459398,long
2020-04-30 19:00:00+00:00,-1.0629628017877766,short
2020-05-07 17:00:00+00:00,-1.0682671077745365,short
2020-05-12 07:00:00+00:00,1.9873343341605512,long
2020-05-14 02:00:00+00:00,-1.0800677930739448,short
2020-05-15 02:00:00+00:00,1.9644751593292011,short
2020-05-15 07:00:00+00:00,1.9644751593292014,short
2020-05-15 22:00:00+00:00,-1.1103979867536031,short
2020-05-16 22:00:00+00:00,1.9724402960638514,long
2020-05-17 19:00:00+00:00,-1.1247541534227963,short
2020-05-18 14:00:00+00:00,1.9722736842105262,short
2020-05-19 07:00:00+00:00,-1.0961004445270308,long
2020-05-28 05:00:00+00:00,-1.0993471775779653,short
2020-06-01 08:00:00+00:00,1.9827254715146803,long
2020-06-06 19:00:00+00:00,1.9622208087615833,short
2020-06-08 08:00:00+00:00,1.9619890361295158,long
2020-06-09 17:00:00+00:00,-1.1858319790574163,short
2020-06-16 07:00:00+00:00,-1.0928192519917295,short
2020-06-17 06:00:00+00:00,1.903268729532286,long
2020-06-18 00:00:00+00:00,-1.0873095853206738,long
2020-06-19 12:00:00+00:00,-1.1087634607212558,long
2020-06-21 21:00:00+00:00,-1.2080448904929446,short
2020-06-26 05:00:00+00:00,-1.2009171491253994,long
2020-06-28 20:00:00+00:00,1.9618528531337696,short
2020-06-29 18:00:00+00:00,-1.0881844851480968,long
2020-07-01 20:00:00+00:00,1.9647001208824417,short
2020-07-03 23:00:00+00:00,1.9404269653423505,long
2020-07-04 05:00:00+00:00,-1.129679232158928,long
2020-07-10 18:00:00+00:00,1.983154947254305,long
2020-07-17 03:00:00+00:00,-1.1761069177322803,long
2020-07-19 11:00:00+00:00,1.9406742407537332,long
2020-07-19 19:00:00+00:00,1.9789024096385541,short
2020-07-22 10:00:00+00:00,-1.1373178839161728,short
2020-07-30 07:00:00+00:00,-1.0370151599862287,short
2020-08-02 21:00:00+00:00,-1.0228551293724886,short
2020-08-04 00:00:00+00:00,1.9863700417883952,short
2020-08-11 06:00:00+00:00,-1.0675558598119268,long
2020-08-12 17:00:00+00:00,-1.0752038934126475,long
2020-08-13 12:00:00+00:00,1.9833837187572996,long
2020-08-15 08:00:00+00:00,-1.0564687934769226,short
2020-08-17 00:00:00+00:00,1.9828475802229037,long
2020-08-20 02:00:00+00:00,-1.056460506128476,long
2020-08-29 15:00:00+00:00,-1.1200070911243531,short
2020-09-01 04:00:00+00:00,1.9856985591136067,long
2020-09-06 16:00:00+00:00,-1.0507986673443066,long
2020-09-11 19:00:00+00:00,-1.156122036583684,short
2020-09-13 12:00:00+00:00,-1.1376068107659891,long
2020-09-14 04:00:00+00:00,1.977819869255449,long
2020-09-15 21:00:00+00:00,1.9621448419301162,short
2020-09-19 22:00:00+00:00,-1.1680744791793611,long
2020-09-26 16:00:00+00:00,-1.2197257865563862,short
2020-09-27 03:00:00+00:00,-1.219725786556386,short
2020-09-28 20:00:00+00:00,-1.1412024579087465,short
2020-09-30 01:00:00+00:00,-1.1131438197740582,long
2020-09-30 18:00:00+00:00,-1.1299829524978307,long
2020-10-01 15:00:00+00:00,-1.1440303217537995,long
2020-10-06 15:00:00+00:00,1.9780249595357178,short
2020-10-06 20:00:00+00:00,-1.0278211090277636,short
2020-10-09 14:00:00+00:00,1.9468907352167049,long
2020-10-14 07:00:00+00:00,-1.1615245857933882,long
2020-10-24 14:00:00+00:00,-1.1522425265851197,long
2020-10-25 15:00:00+00:00,1.9581104726954042,long
2020-10-27 11:00:00+00:00,-1.1315932161154936,short
2020-10-28 06:00:00+00:00,-1.11789878598085,long
2020-10-28 09:00:00+00:00,1.9827991047396814,short
2020-11-01 22:00:00+00:00,1.935505226714317,long
2020-11-03 21:00:00+00:00,-1.1119291742417483,long
2020-11-05 07:00:00+00:00,1.9733750124174467,long
2020-11-10 05:00:00+00:00,1.974809126984127,long
2020-11-10 07:00:00+00:00,1.9748091269841268,long
2020-11-10 23:00:00+00:00,1.9774035015252576,long
2020-11-18 04:00:00+00:00,1.9864410307265123,short
2020-11-19 11:00:00+00:00,-1.1573994297203578,short
2020-11-19 21:00:00+00:00,-1.0637058068289489,long
2020-11-23 03:00:00+00:00,-1.0378877544361695,short
2020-11-27 02:00:00+00:00,-1.0176991201057386,long
2020-12-02 10:00:00+00:00,-1.031171326115286,long
2020-12-07 16:00:00+00:00,1.962647646346058,short
2020-12-10 01:00:00+00:00,1.9947624941122002,short
2020-12-20 08:00:00+00:00,1.9805216327998563,short
2020-12-20 13:00:00+00:00,-1.108294801501188,long
2020-12-27 16:00:00+00:00,-1.013650583336333,long
2020-12-31 10:00:00+00:00,-1.0208334864837538,short
2021-01-03 09:00:00+00:00,-1.0515158386049581,short
2021-01-03 21:00:00+00:00,-1.0235489812614083,short
2021-01-04 15:00:00+00:00,-0.6983768018687614,short
2021-01-09 17:00:00+00:00,-1.0513423286056696,short
2021-01-10 19:00:00+00:00,1.9911549258694747,short
2021-01-10 21:00:00+00:00,1.991154925869475,short
2021-01-15 03:00:00+00:00,-1.0646141623104148,long
2021-01-16 18:00:00+00:00,-1.0511699806333972,long
2021-01-17 02:00:00+00:00,-1.0400401894568343,long
2021-01-18 16:00:00+00:00,-1.0629983175525777,short
2021-01-24 09:00:00+00:00,-1.075720417736184,short
2021-01-25 09:00:00+00:00,1.9613483259189888,long
2021-01-27 02:00:00+00:00,-1.0464569494783054,long
2021-02-03 03:00:00+00:00,1.993056322842551,long
2021-02-06 09:00:00+00:00,-1.0367619291493915,short
2021-02-06 20:00:00+00:00,-1.067969844964507,long
2021-02-08 13:00:00+00:00,-1.0530805865960082,short
2021-02-10 19:00:00+00:00,1.9950342157511582,long
2021-02-15 14:00:00+00:00,-1.0332616359246112,long
2021-02-16 06:00:00+00:00,-1.0271101890761483,long
2021-02-21 15:00:00+00:00,-1.0352868354002591,long
2021-02-23 00:00:00+00:00,1.9976904701869955,short
2021-02-25 04:00:00+00:00,-1.040494099632894,long
2021-02-27 00:00:00+00:00,-1.0370893639751892,short
2021-02-27 17:00:00+00:00,1.9907053239145416,short
2021-03-02 03:00:00+00:00,-1.0668071529415342,long
2021-03-03 00:00:00+00:00,1.9778560787497463,long
2021-03-03 04:00:00+00:00,-1.1161298872109515,short
2021-03-07 23:00:00+00:00,-1.1880941207475968,short
2021-03-08 05:00:00+00:00,1.96996742871932,short
2021-03-10 17:00:00+00:00,1.9654702096030916,short
2021-03-12 07:00:00+00:00,-1.0550807659085553,long
2021-03-13 10:00:00+00:00,-1.0851140559175048,short
2021-03-14 08:00:00+00:00,1.9794384643655631,short
2021-03-19 04:00:00+00:00,1.988263502974706,long
2021-03-27 23:00:00+00:00,1.9875848407568197,long
2021-03-31 06:00:00+00:00,1.985225579940106,short
2021-03-31 13:00:00+00:00,-1.0652464890996045,short
2021-03-31 20:00:00+00:00,1.9868941624217558,long
2021-04-01 05:00:00+00:00,-1.0635099398967605,long
2021-04-01 13:00:00+00:00,-1.069871929522685,short
2021-04-01 14:00:00+00:00,-1.0236345394669952,short
2021-04-03 10:00:00+00:00,1.9890863546382627,short
2021-04-08 12:00:00+00:00,-1.0320903223952391,short
2021-04-09 18:00:00+00:00,1.9905578483276938,long
2021-04-11 15:00:00+00:00,1.9907106220801574,short
2021-04-12 14:00:00+00:00,1.9889807309688299,long
2021-04-14 23:00:00+00:00,-1.0411132412966604,short
2021-04-15 16:00:00+00:00,1.9921627685941636,short
2021-04-20 12:00:00+00:00,1.9948282640479371,long
2021-04-21 11:00:00+00:00,-1.0169096030222673,long
2021-04-30 00:00:00+00:00,1.9853180735829188,long
2021-05-01 19:00:00+00:00,-1.0930986638020423,short
2021-05-03 03:00:00+00:00,-1.0557145245341475,long
2021-05-06 07:00:00+00:00,1.9871362832764774,long
2021-05-07 06:00:00+00:00,-1.0335888779291724,short
2021-05-07 12:00:00+00:00,-1.0236490633686617,long
2021-05-12 10:00:00+00:00,-1.033192779181499,long
2021-05-12 20:00:00+00:00,1.9894971268227715,short
2021-05-14 23:00:00+00:00,1.9901715034326066,short
2021-05-15 23:00:00+00:00,1.989716507368103,long
2021-05-17 07:00:00+00:00,1.9937037005246674,long
2021-05-20 17:00:00+00:00,1.996617970606102,short
2021-05-22 14:00:00+00:00,1.99137150148147,long
2021-05-25 12:00:00+00:00,1.9928290001864164,long
2021-05-26 02:00:00+00:00,-1.0297519265706787,short
2021-05-26 13:00:00+00:00,-1.0254139577967376,long
2021-05-27 21:00:00+00:00,-1.0333621873991197,long
2021-05-29 08:00:00+00:00,-1.042262299530808,long
2021-06-05 09:00:00+00:00,-1.0517734379464148,long
2021-06-09 14:00:00+00:00,1.983741327860409,long
2021-06-10 10:00:00+00:00,1.9909810820959741,short
2021-06-13 14:00:00+00:00,1.952121892991479,long
2021-06-16 09:00:00+00:00,-1.0835853773910888,long
2021-06-25 01:00:00+00:00,-1.07558226483102,short
2021-06-25 19:00:00+00:00,1.9892685276682744,short
2021-06-27 00:00:00+00:00,-1.0847337528818595,short
2021-06-27 18:00:00+00:00,1.9785099035422757,long
2021-07-01 06:00:00+00:00,-1.0402702705251774,long
2021-07-02 17:00:00+00:00,1.9767867488773252,long
2021-07-10 11:00:00+00:00,-1.1189652789160014,short
2021-07-11 06:00:00+00:00,-1.0959383956607065,short
2021-07-12 23:00:00+00:00,1.9659690858680585,short
2021-07-18 00:00:00+00:00,-1.068811431106864,short
2021-07-31 15:00:00+00:00,-1.0689981493588228,short
2021-08-01 00:00:00+00:00,1.9716348220279962,long
2021-08-05 01:00:00+00:00,-1.086759734153337,long
2021-08-05 15:00:00+00:00,-1.1303275768344274,short
2021-08-09 06:00:00+00:00,1.9892802010978232,long
2021-08-18 16:00:00+00:00,-1.0539430748938383,short
2021-08-23 14:00:00+00:00,1.9813668063162224,long
2021-08-24 00:00:00+00:00,-1.0819749809533867,long
2021-08-24 11:00:00+00:00,-1.0783735157138143,long
2021-08-28 04:00:00+00:00,1.9871443364923118,short
2021-08-29 21:00:00+00:00,-1.0663327549542336,long
2021-08-31 04:00:00+00:00,1.988236141427999,long
2021-09-04 16:00:00+00:00,-1.089433743789106,short
2021-09-11 21:00:00+00:00,1.98048743978278,short
2021-09-14 19:00:00+00:00,-1.07412069215166,short
2021-09-17 17:00:00+00:00,-1.115904060510574,long
2021-09-21 14:00:00+00:00,-1.0164017351327264,long
2021-09-23 00:00:00+00:00,-1.048073882181282,long
2021-09-27 22:00:00+00:00,1.963546955490542,short
2021-09-29 10:00:00+00:00,-1.0738950594112504,short
2021-09-29 18:00:00+00:00,-1.015302163222987,short
2021-10-05 02:00:00+00:00,1.9781522107583926,long
2021-10-08 12:00:00+00:00,1.9407411967779031,long
2021-10-08 14:00:00+00:00,1.9407411967779034,long
2021-10-08 15:00:00+00:00,1.9675500596940614,short
2021-10-23 21:00:00+00:00,1.9722400192268075,short
2021-10-25 00:00:00+00:00,1.9887972580826934,long
2021-10-30 08:00:00+00:00,-1.0980624582492848,long
2021-11-06 16:00:00+00:00,1.9848422895846825,long
2021-11-08 22:00:00+00:00,1.9815000550438877,short
2021-11-14 04:00:00+00:00,-1.1107998281412486,short
2021-11-15 13:00:00+00:00,1.969348473047756,short
2021-11-17 08:00:00+00:00,1.9877426599288264,long
2021-11-20 13:00:00+00:00,-1.1084652175266911,long
2021-11-20 18:00:00+00:00,1.9745385852013768,short
2021-11-22 20:00:00+00:00,-1.0341079227190881,short
2021-11-26 02:00:00+00:00,-1.090752045690483,long
2021-12-03 06:00:00+00:00,1.9544115178822865,short
2021-12-09 09:00:00+00:00,1.9907201996949906,long
2021-12-10 21:00:00+00:00,-1.0549223270507635,long
2021-12-11 06:00:00+00:00,-1.0282125452771975,long
2021-12-15 03:00:00+00:00,1.9819530220622465,short
2021-12-20 09:00:00+00:00,-1.053557705369014,long
2021-12-22 23:00:00+00:00,1.9820338405017253,long
2021-12-23 11:00:00+00:00,1.98707048765597,long
2021-12-24 09:00:00+00:00,-1.0538533333526932,long
2021-12-25 10:00:00+00:00,-1.1188516499225352,long
2021-12-26 18:00:00+00:00,-1.1509188015792782,long
2021-12-27 22:00:00+00:00,1.9555012815391246,long
2022-01-01 00:00:00+00:00,-1.1622331096305072,short
2022-01-05 10:00:00+00:00,1.9764857698119302,short
2022-01-08 23:00:00+00:00,-1.0370092053585065,long
2022-01-11 04:00:00+00:00,1.9590753239642265,short
2022-01-11 08:00:00+00:00,-1.0869871230681993,long
2022-01-12 10:00:00+00:00,-1.1738789126438856,short
2022-01-13 05:00:00+00:00,1.9662688444149214,short
2022-01-13 15:00:00+00:00,1.9662688444149214,short
2022-01-13 21:00:00+00:00,-1.0953800544790926,short
2022-01-16 00:00:00+00:00,-1.0798222823436994,long
2022-01-18 02:00:00+00:00,-1.0636890238439256,long
2022-01-20 19:00:00+00:00,1.970845653390967,short
2022-01-23 11:00:00+00:00,-1.0804924746070879,long
2022-01-25 11:00:00+00:00,1.9780655411025787,long
2022-01-25 19:00:00+00:00,1.986616361869928,long
2022-01-27 08:00:00+00:00,-1.0523603880985024,long
2022-02-01 08:00:00+00:00,-1.0829081306731922,short
2022-02-02 20:00:00+00:00,-1.058989300425788,long
2022-02-11 17:00:00+00:00,1.9877815222821424,short
2022-02-12 10:00:00+00:00,1.9907265687596394,long
2022-02-15 21:00:00+00:00,1.977954638212825,long
2022-02-17 08:00:00+00:00,-1.0543329536138364,long
2022-02-21 03:00:00+00:00,-1.0414456278571822,long
2022-02-21 17:00:00+00:00,-1.071139988929916,long
2022-03-01 17:00:00+00:00,1.9905220840310005,short
2022-03-04 16:00:00+00:00,1.9637716881705376,short
2022-03-06 16:00:00+00:00,1.959539740978545,short
2022-03-06 21:00:00+00:00,1.9595397409785453,short
2022-03-09 01:00:00+00:00,1.9780832960477257,long
2022-03-09 09:00:00+00:00,1.971512838350699,long
2022-03-11 00:00:00+00:00,-1.1491453680968426,long
2022-03-11 19:00:00+00:00,-1.0507243733885914,short
2022-03-15 13:00:00+00:00,1.9569257513985014,long
2022-03-16 08:00:00+00:00,-1.038114927603497,short
2022-03-17 01:00:00+00:00,-1.0944845207409482,long
2022-03-21 06:00:00+00:00,1.9872379641422553,long
2022-03-24 02:00:00+00:00,1.9519046481291418,long
2022-03-25 08:00:00+00:00,-1.0957709614565165,long
2022-03-26 12:00:00+00:00,1.9362894187874673,long
2022-03-27 12:00:00+00:00,1.9537312075607656,long
2022-03-30 18:00:00+00:00,-1.1303437062985475,long
2022-03-31 02:00:00+00:00,-1.0663810843293662,long
2022-04-04 20:00:00+00:00,-1.1003156530934601,short
2022-04-05 12:00:00+00:00,-1.1003156530934601,short
2022-04-05 17:00:00+00:00,-1.045903351019987,long
2022-04-09 17:00:00+00:00,-1.2109734610586027,short
2022-04-13 13:00:00+00:00,-1.082147641974168,short
2022-04-17 04:00:00+00:00,-1.1461815683532366,short
2022-04-19 09:00:00+00:00,1.9556212050984938,long
2022-04-19 10:00:00+00:00,-1.1374913698567835,short
2022-04-20 12:00:00+00:00,-1.0976152074017507,long
2022-04-20 22:00:00+00:00,-1.0659942106917617,long
2022-04-24 10:00:00+00:00,-1.238203056203963,long
2022-04-28 12:00:00+00:00,1.9780108192176158,short
2022-05-02 05:00:00+00:00,-1.059017439871896,long
2022-05-02 13:00:00+00:00,1.977558414851316,long
2022-05-02 21:00:00+00:00,1.9786203431045388,short
2022-05-04 01:00:00+00:00,-1.1280455213280383,short
2022-05-06 07:00:00+00:00,-1.0772265759166946,long
2022-05-12 01:00:00+00:00,-0.6978893720315081,long
2022-05-14 21:00:00+00:00,-1.0828768567327278,short
2022-05-15 14:00:00+00:00,1.9716916598274292,long
2022-05-17 18:00:00+00:00,1.9798232189157687,long
2022-05-18 01:00:00+00:00,-1.027538275442446,long
2022-05-18 22:00:00+00:00,-1.1318412955367334,long
2022-05-21 02:00:00+00:00,-1.079833081316849,short
2022-05-22 05:00:00+00:00,-1.101290198267957,short
2022-05-24 06:00:00+00:00,-1.0550174738796323,long
2022-05-25 00:00:00+00:00,-1.073626463428144,long
2022-05-26 19:00:00+00:00,1.9921862870890137,long
2022-06-02 19:00:00+00:00,-1.0937347860526627,short
2022-06-04 12:00:00+00:00,1.974908883962827,long
2022-06-06 21:00:00+00:00,1.9476979026900274,short
2022-06-07 11:00:00+00:00,1.9690504575542604,long
2022-06-10 09:00:00+00:00,-1.0562231493272698,long
2022-06-11 05:00:00+00:00,-1.0675274185635002,long
2022-06-15 16:00:00+00:00,-1.0449577286055398,long
2022-06-16 10:00:00+00:00,1.9884471490742348,long
2022-06-17 17:00:00+00:00,1.9875922698607862,short
2022-06-19 03:00:00+00:00,-1.0300377037249802,short
2022-06-20 09:00:00+00:00,-1.071421627762279,short
2022-06-22 01:00:00+00:00,1.9809003915373655,long
2022-06-24 13:00:00+00:00,1.992303311258278,short
2022-06-28 08:00:00+00:00,1.9839565246579678,short
2022-07-03 02:00:00+00:00,-1.0929161445509283,short
2022-07-05 09:00:00+00:00,-1.1540283720737954,long
2022-07-05 19:00:00+00:00,-1.1074278317055,short
2022-07-10 20:00:00+00:00,-1.0645929920076296,long
2022-07-13 01:00:00+00:00,1.9615370672097758,long
2022-07-14 09:00:00+00:00,1.9739916945975893,long
2022-07-14 15:00:00+00:00,-1.1199075253545503,short
2022-07-17 08:00:00+00:00,-1.0556741735131483,long
2022-07-18 23:00:00+00:00,-1.0555072110587727,short
2022-07-19 05:00:00+00:00,-1.0517250560506954,short
2022-07-20 17:00:00+00:00,-1.0534509995056804,long
2022-07-24 16:00:00+00:00,-1.0778391062875194,long
2022-07-26 20:00:00+00:00,1.975995210753282,long
2022-08-01 20:00:00+00:00,-1.095229448042221,short
2022-08-02 17:00:00+00:00,1.9703704318235773,short
2022-08-02 19:00:00+00:00,-1.0795078472091,long
2022-08-04 01:00:00+00:00,1.9662332471679465,short
2022-08-05 21:00:00+00:00,-1.1009413171789784,short
2022-08-06 23:00:00+00:00,1.961197381835835,long
2022-08-08 20:00:00+00:00,1.966587365131773,short
2022-08-08 22:00:00+00:00,1.943344238517324,long
2022-08-11 07:00:00+00:00,-1.077708113489545,long
2022-08-14 13:00:00+00:00,-1.1895070333161786,long
2022-08-14 16:00:00+00:00,-1.1895070333161788,long
2022-08-14 22:00:00+00:00,-1.0982118808189545,long
2022-08-16 14:00:00+00:00,1.9597143665259944,long
2022-08-17 19:00:00+00:00,-1.0644882288670188,long
2022-08-20 03:00:00+00:00,1.9853611090667196,long
2022-08-25 07:00:00+00:00,1.9679535801072883,long
2022-08-26 22:00:00+00:00,-1.1870048584892232,long
2022-08-30 21:00:00+00:00,1.9370694960720425,short
2022-08-31 08:00:00+00:00,-1.1066125597755532,long
2022-08-31 19:00:00+00:00,1.9658007588577007,short
2022-09-02 09:00:00+00:00,-1.0861620363326847,short
2022-09-08 05:00:00+00:00,-1.0870291301428312,short
2022-09-12 18:00:00+00:00,-1.141470189912267,short
2022-09-13 02:00:00+00:00,-1.0898737403060612,long
2022-09-13 12:00:00+00:00,1.974109144495778,short
2022-09-15 02:00:00+00:00,-1.0737666305735576,long
2022-09-17 10:00:00+00:00,-1.0646584640873387,short
2022-09-19 19:00:00+00:00,1.9850989297033304,short
2022-09-20 05:00:00+00:00,-1.058214090027729,short
2022-09-24 21:00:00+00:00,-1.024421460098228,long
2022-09-29 06:00:00+00:00,-1.0643430451762483,long
2022-10-04 07:00:00+00:00,-1.1206136508001223,short
2022-10-12 08:00:00+00:00,-1.131646342399635,long
2022-10-16 02:00:00+00:00,-1.1025363059246223,long
2022-10-18 09:00:00+00:00,-1.1181760172494475,long
2022-10-22 09:00:00+00:00,1.951080023692911,long
2022-10-23 01:00:00+00:00,-1.2161008272544176,long
2022-10-25 00:00:00+00:00,1.9626109347879985,short
2022-10-25 15:00:00+00:00,-1.1391717309095684,short
2022-10-28 17:00:00+00:00,-1.135510117086327,short
2022-11-01 06:00:00+00:00,1.9800878100534134,short
2022-11-07 18:00:00+00:00,1.9547473941212135,long
2022-11-11 00:00:00+00:00,-1.0257905296017065,long
2022-11-11 21:00:00+00:00,-1.070415502860327,short
2022-11-11 23:00:00+00:00,1.9806541444054342,short
2022-11-12 12:00:00+00:00,-1.07064340589824,long
2022-11-14 19:00:00+00:00,-1.0385647549145307,short
2022-11-15 04:00:00+00:00,-1.0555251692545409,short
2022-11-16 10:00:00+00:00,1.9795469757873252,short
2022-11-17 05:00:00+00:00,1.979546975787325,short
2022-11-18 07:00:00+00:00,-1.063584854099974,short
2022-11-20 20:00:00+00:00,-1.064145525716033,long
2022-11-21 16:00:00+00:00,1.980283014667329,long
2022-11-22 07:00:00+00:00,-1.1324366932323864,short
2022-11-23 14:00:00+00:00,-1.0974269188691363,short
2022-11-24 12:00:00+00:00,-1.1602562010431785,short
2022-11-26 07:00:00+00:00,1.9852763557776354,short
2022-12-01 02:00:00+00:00,-1.0544136696736808,long
2022-12-02 11:00:00+00:00,-1.2128204330250714,long
2022-12-02 17:00:00+00:00,-1.2732920639170373,short
2022-12-03 06:00:00+00:00,1.961277952973994,long
2022-12-04 18:00:00+00:00,1.9586140389255036,long
2022-12-05 21:00:00+00:00,1.9671023240932706,short
2022-12-08 01:00:00+00:00,-1.1081468651201165,short
2022-12-09 05:00:00+00:00,1.9588672016339794,short
2022-12-09 13:00:00+00:00,-1.081621663840114,long
2022-12-12 22:00:00+00:00,-1.437410029515749,short
2022-12-13 10:00:00+00:00,-1.1136832088989224,short
2022-12-20 08:00:00+00:00,1.9749455281717005,long
2022-12-22 01:00:00+00:00,1.9127764408904564,long
2022-12-22 13:00:00+00:00,-1.157605396112361,long
2023-01-01 15:00:00+00:00,1.9092590109609997,long
2023-01-03 00:00:00+00:00,-1.1375017619728929,long
2023-01-03 21:00:00+00:00,-1.0978164125556564,long
2023-01-09 17:00:00+00:00,-1.035963595616145,long
2023-01-16 17:00:00+00:00,1.9564674184052602,long
2023-01-16 21:00:00+00:00,-1.15753726641118,long
2023-01-17 00:00:00+00:00,-1.15753726641118,long
2023-01-17 07:00:00+00:00,-1.1407866357171625,short
2023-01-17 22:00:00+00:00,-1.0881964132565343,long
2023-01-18 13:00:00+00:00,1.9811917817938574,short
2023-01-19 11:00:00+00:00,1.9453444465396943,long
2023-01-19 13:00:00+00:00,-1.1983131543560142,long
2023-01-23 04:00:00+00:00,1.9870570749431837,long
2023-01-24 08:00:00+00:00,1.98245274919244,short
2023-01-25 05:00:00+00:00,1.9863790751074006,long
2023-01-26 13:00:00+00:00,1.9651103257407376,long
2023-01-27 17:00:00+00:00,1.9581197379823612,long
2023-01-28 04:00:00+00:00,-1.0730022651928384,short
2023-02-01 12:00:00+00:00,-1.1193795629905952,long
2023-02-03 06:00:00+00:00,-1.1127524927379169,long
2023-02-04 10:00:00+00:00,-1.2341465064559618,short
2023-02-07 20:00:00+00:00,-1.209089337928882,short
2023-02-08 01:00:00+00:00,-1.0418235291605145,long
2023-02-12 01:00:00+00:00,-1.1443649262510507,long
2023-02-13 08:00:00+00:00,-1.0669466779304277,long
2023-02-17 05:00:00+00:00,1.9760709598112678,long
2023-02-17 22:00:00+00:00,-1.0833941508841813,long
2023-02-22 13:00:00+00:00,-1.1055908003139325,long
2023-02-23 17:00:00+00:00,1.9656089839506852,short
2023-02-26 11:00:00+00:00,-1.0554984546843438,long
2023-03-05 01:00:00+00:00,1.961234493083876,short
2023-03-10 14:00:00+00:00,-1.04257094692166,long
2023-03-13 04:00:00+00:00,-1.0495410286412221,short
2023-03-14 21:00:00+00:00,1.956800390165356,long
2023-03-16 05:00:00+00:00,-1.080587668909592,short
2023-03-17 17:00:00+00:00,-1.0432323513734783,short
2023-03-27 05:00:00+00:00,1.9766682714134576,long
2023-04-04 23:00:00+00:00,1.969226070678477,long
2023-04-05 15:00:00+00:00,-1.1107651103985838,long
2023-04-06 21:00:00+00:00,1.9681443818595283,long
2023-04-09 01:00:00+00:00,1.9034437116243037,short
2023-04-13 05:00:00+00:00,1.9489283306076235,long
2023-04-14 21:00:00+00:00,-1.0461246926617953,long
2023-04-17 22:00:00+00:00,-1.274886579962973,short
2023-04-23 10:00:00+00:00,-1.2198695766574639,long
2023-04-24 08:00:00+00:00,-1.0608680552790242,long
2023-04-24 20:00:00+00:00,-1.0358041413552308,long
2023-04-28 13:00:00+00:00,1.960854357161004,long
2023-04-29 17:00:00+00:00,1.9700388789690975,long
2023-05-02 01:00:00+00:00,-1.0699717813975507,long
2023-05-04 13:00:00+00:00,1.9682077812973418,long
2023-05-06 07:00:00+00:00,-1.0633230250600187,long
2023-05-06 19:00:00+00:00,-1.071089576583761,long
2023-05-09 13:00:00+00:00,-1.0934311497098301,long
2023-05-10 21:00:00+00:00,1.9931006467062002,long
2023-05-19 21:00:00+00:00,-1.1326735857295884,short
2023-05-21 22:00:00+00:00,-1.1426627140031467,long
2023-05-22 18:00:00+00:00,-1.108826088379999,short
2023-05-23 06:00:00+00:00,-1.1150405768570628,long
2023-06-07 15:00:00+00:00,-1.1169132937352968,long
2023-06-08 09:00:00+00:00,-1.1322574321419838,short
2023-06-09 01:00:00+00:00,-1.1161479993902372,short
2023-06-09 17:00:00+00:00,1.9837950326888625,short
2023-06-11 23:00:00+00:00,-1.0533608564357144,short
2023-06-13 08:00:00+00:00,1.9714756139976557,long
2023-06-14 00:00:00+00:00,-1.1021810764934565,long
2023-06-14 17:00:00+00:00,1.9628050198563205,short
2023-06-19 06:00:00+00:00,-1.1223001275408704,short
2023-06-22 20:00:00+00:00,-1.1041631310351276,long
2023-06-23 15:00:00+00:00,-1.1096577115473987,short
2023-06-25 11:00:00+00:00,-1.1478776425507429,long
2023-06-25 17:00:00+00:00,-1.1282340026409428,long
2023-06-26 14:00:00+00:00,-1.1519101613644658,long
2023-06-27 22:00:00+00:00,-1.0828386932839402,long
2023-07-01 12:00:00+00:00,-1.151699707586633,short
2023-07-04 09:00:00+00:00,-1.0805777028528913,long
2023-07-05 20:00:00+00:00,-1.0748428955225537,long
2023-07-09 02:00:00+00:00,-1.280749535695449,long
2023-07-09 08:00:00+00:00,1.9311292026312037,short
2023-07-11 15:00:00+00:00,1.932700438228306,short
2023-07-12 01:00:00+00:00,1.906076410053431,long
2023-07-12 12:00:00+00:00,1.9257294497016437,short
2023-07-18 17:00:00+00:00,-1.0482130258621074,short
2023-07-29 17:00:00+00:00,-1.2602971413762107,short
2023-07-30 00:00:00+00:00,1.9375231803237012,long
2023-08-06 08:00:00+00:00,1.962653614554471,short
2023-08-07 12:00:00+00:00,-1.0534857462961695,long
2023-08-07 21:00:00+00:00,1.9913764998974706,long
2023-08-13 21:00:00+00:00,-1.294311079013932,long
2023-08-14 04:00:00+00:00,1.9649188818124328,short
2023-08-24 13:00:00+00:00,-1.0999910409943368,long
2023-08-26 02:00:00+00:00,-1.1677739779717007,short
2023-08-27 04:00:00+00:00,-1.3246931743578536,short
2023-08-29 09:00:00+00:00,1.9732175860449643,long
2023-08-31 00:00:00+00:00,-1.2275306732071452,long
2023-09-02 01:00:00+00:00,-1.0536772788406772,long
2023-09-15 12:00:00+00:00,-1.1660446064083816,long
2023-09-18 06:00:00+00:00,1.9791069801679366,long
2023-09-26 16:00:00+00:00,1.9270359419425644,short
2023-10-05 23:00:00+00:00,-1.218354607168268,long
2023-10-06 15:00:00+00:00,-1.275380700698038,short
2023-10-10 08:00:00+00:00,1.9722284251152864,short
2023-10-12 00:00:00+00:00,-1.1667894752063641,long
2023-10-13 00:00:00+00:00,-1.264215497014636,long
2023-10-13 13:00:00+00:00,1.9185329077069786,short
2023-10-15 13:00:00+00:00,-1.8052022614892607,long
2023-10-15 15:00:00+00:00,-1.371844431677304,short
2023-10-15 23:00:00+00:00,-1.432970138846596,long
2023-10-16 04:00:00+00:00,-1.170167474845175,short
2023-10-28 12:00:00+00:00,-1.2470203006624934,long
2023-10-29 06:00:00+00:00,-1.4197944479275877,short
2023-10-29 22:00:00+00:00,1.9379141859215447,short
2023-11-02 21:00:00+00:00,1.9907402263633804,long
2023-11-07 18:00:00+00:00,-1.0602780058064971,short
2023-11-08 06:00:00+00:00,1.9860714500572836,long
2023-11-10 01:00:00+00:00,-1.049268111697849,long
2023-11-11 01:00:00+00:00,1.9871107488078361,long
2023-11-11 15:00:00+00:00,-1.115659626832008,long
2023-11-12 00:00:00+00:00,-1.0648697858325635,long
2023-11-18 05:00:00+00:00,1.9858806599949548,long
2023-11-23 14:00:00+00:00,-1.065074943068535,short
2023-11-24 14:00:00+00:00,1.9710972826490454,long
2023-12-06 05:00:00+00:00,1.9648738902109577,long
2023-12-06 11:00:00+00:00,1.9870532275501096,long
2023-12-08 11:00:00+00:00,1.974086478076154,long
2023-12-10 06:00:00+00:00,-1.1306161603742757,long
2023-12-11 12:00:00+00:00,-1.133366182963118,long
2023-12-15 13:00:00+00:00,-1.1020659589668875,long
2023-12-16 04:00:00+00:00,-1.0758228089142188,long
2023-12-21 05:00:00+00:00,1.9485947966201111,long
2023-12-23 20:00:00+00:00,1.9146861545455818,long
2023-12-24 10:00:00+00:00,1.9559043899505781,long
2023-12-26 15:00:00+00:00,-1.0770710504312817,long
2023-12-27 07:00:00+00:00,1.9723188348130443,long
2023-12-27 22:00:00+00:00,1.9765678333679477,long
2023-12-28 06:00:00+00:00,-1.0824150671652863,long
2023-12-29 05:00:00+00:00,-1.0668332608674544,long
2023-12-30 02:00:00+00:00,-1.1301393148016616,long
2023-12-31 08:00:00+00:00,-1.157231307025289,long
2024-01-02 17:00:00+00:00,1.924153117724933,long
2024-01-09 00:00:00+00:00,-1.1441935487018324,long
2024-01-09 12:00:00+00:00,1.9782469260369377,long
2024-01-10 08:00:00+00:00,-1.1032458914131824,long
2024-01-12 12:00:00+00:00,-1.082412937019039,long
2024-01-13 05:00:00+00:00,1.9638780490450483,long
2024-01-16 03:00:00+00:00,1.9489014390623827,short
2024-01-16 17:00:00+00:00,1.9489014390623827,short
2024-01-21 20:00:00+00:00,-1.1879023564515163,long
2024-01-24 17:00:00+00:00,-1.129328097794675,long
2024-01-26 05:00:00+00:00,1.965798927636653,long
2024-01-30 13:00:00+00:00,-1.1096049139157165,long
2024-01-31 19:00:00+00:00,1.9936187216398573,long
2024-02-16 11:00:00+00:00,1.9801107604799661,short
2024-02-17 18:00:00+00:00,1.9839858865649502,long
2024-02-20 08:00:00+00:00,-1.0942489021804949,long
2024-02-21 00:00:00+00:00,-1.0574972354960004,long
2024-02-22 01:00:00+00:00,-1.1010727603151946,long
2024-02-23 22:00:00+00:00,-1.0831178440726559,long
2024-02-29 21:00:00+00:00,-1.0840247664517588,long
2024-03-03 22:00:00+00:00,-1.101727480311242,long
2024-03-04 02:00:00+00:00,1.9642091037360185,short
2024-03-04 05:00:00+00:00,-1.0336263851652219,long
2024-03-07 16:00:00+00:00,1.9697724909286651,long
2024-03-07 23:00:00+00:00,-1.0775279637789126,long
2024-03-08 09:00:00+00:00,1.9579712328767112,short
2024-03-10 18:00:00+00:00,-1.0562686372023034,long
2024-03-15 16:00:00+00:00,1.9779259678614258,long
2024-03-17 12:00:00+00:00,-1.0391693159758193,long
2024-03-19 03:00:00+00:00,-1.091090846500671,long
2024-03-19 15:00:00+00:00,1.988720236265801,short
2024-03-20 13:00:00+00:00,-1.1037168913740338,long
2024-03-20 15:00:00+00:00,-1.0444021056368047,long
2024-03-21 06:00:00+00:00,-1.1951699360891708,short
2024-03-22 21:00:00+00:00,-1.0912838840513872,long
2024-03-24 18:00:00+00:00,-1.2023714169439503,short
2024-03-29 10:00:00+00:00,-1.2638108975733702,short
2024-03-30 19:00:00+00:00,-1.191715180420895,long
2024-03-31 04:00:00+00:00,1.946176144900084,long
2024-03-31 18:00:00+00:00,-1.1080226400968753,short
2024-04-01 05:00:00+00:00,1.9691217234887166,short
2024-04-08 06:00:00+00:00,-1.127503046127816,short
2024-04-10 17:00:00+00:00,-1.029150339466246,long
2024-04-16 10:00:00+00:00,-1.0354373374475945,long
2024-04-17 18:00:00+00:00,1.9865448084233808,short
2024-04-26 00:00:00+00:00,-1.0576343726727235,long
2024-04-30 02:00:00+00:00,-1.0890480142673502,long
2024-05-01 06:00:00+00:00,-1.1055942000828927,long
2024-05-02 07:00:00+00:00,-1.1170441629672159,short
2024-05-03 01:00:00+00:00,-1.186620769944422,short
2024-05-03 12:00:00+00:00,-1.0674898179506784,short
2024-05-04 19:00:00+00:00,-1.1080302188951383,short
2024-05-07 08:00:00+00:00,1.9318637452299128,short
2024-05-13 07:00:00+00:00,-1.238165884016746,short
2024-05-13 17:00:00+00:00,-1.1884126592693498,long
2024-05-15 04:00:00+00:00,1.9687222772277229,long
2024-05-17 05:00:00+00:00,1.9111199862637338,long
2024-05-24 02:00:00+00:00,-1.0839213558090182,long
2024-05-24 11:00:00+00:00,-1.0798624938804964,short
2024-05-27 19:00:00+00:00,1.9486782611488698,long
2024-05-27 20:00:00+00:00,1.9747497607655502,short
2024-05-28 13:00:00+00:00,-1.079904208850676,long
2024-05-30 04:00:00+00:00,1.9547491296823007,short
2024-05-30 19:00:00+00:00,-1.2056520977963885,long
2024-05-31 13:00:00+00:00,-1.116704675054304,long
2024-06-01 15:00:00+00:00,-1.2959199411328353,long
2024-06-03 01:00:00+00:00,-1.1255681815697776,short
2024-06-03 07:00:00+00:00,1.9263885128243847,long
2024-06-03 14:00:00+00:00,1.9263885128243845,long
2024-06-04 01:00:00+00:00,-1.1952955012571589,short
2024-06-12 11:00:00+00:00,1.9384318214176741,long
2024-06-17 02:00:00+00:00,-1.1925146793614043,short
2024-06-17 05:00:00+00:00,-1.067998658490742,short
2024-06-25 07:00:00+00:00,1.92980853017728,long
2024-06-29 14:00:00+00:00,-1.3985361447205047,long
2024-07-01 17:00:00+00:00,-1.1698316267757278,short
2024-07-03 03:00:00+00:00,1.9111996662463828,long
2024-07-09 15:00:00+00:00,-1.1268272681020428,short
2024-07-09 21:00:00+00:00,-1.1519436928044842,long
2024-07-10 12:00:00+00:00,-1.1139882832638408,long
2024-07-16 13:00:00+00:00,-1.0388572117755581,short
2024-07-17 02:00:00+00:00,1.978625347239003,long
2024-07-18 13:00:00+00:00,-1.0784162494907603,long
2024-07-21 10:00:00+00:00,1.9814951141013657,short
2024-07-22 05:00:00+00:00,1.9899936347363296,long
2024-07-26 03:00:00+00:00,-1.0523476788067136,short
2024-08-02 11:00:00+00:00,-1.0337867557136227,long
2024-08-03 08:00:00+00:00,-1.0397883846275695,long
2024-08-06 22:00:00+00:00,-1.0969664201497633,short
2024-08-07 03:00:00+00:00,-1.0969664201497633,short
2024-08-13 02:00:00+00:00,1.9739026672745925,long
2024-08-13 18:00:00+00:00,-1.0585487133655607,long
2024-08-15 08:00:00+00:00,1.9766521505002295,short
2024-08-16 03:00:00+00:00,1.966798899024851,short
2024-08-16 21:00:00+00:00,1.9785210961737332,long
2024-08-21 08:00:00+00:00,-1.1592464296405904,long
2024-08-22 01:00:00+00:00,-1.1617101432016386,short
2024-08-22 12:00:00+00:00,1.9773228062494528,long
2024-08-24 01:00:00+00:00,-1.0458305338422231,long
2024-08-27 06:00:00+00:00,-1.174573481160292,long
2024-08-27 14:00:00+00:00,1.9621444468128195,long
2024-08-30 21:00:00+00:00,-1.1251745176941754,short
2024-08-31 20:00:00+00:00,-1.1946694839973147,long
2024-09-01 21:00:00+00:00,-1.127109372682056,long
2024-09-05 03:00:00+00:00,-1.1263500364808243,long
2024-09-05 09:00:00+00:00,-1.1263500364808243,long
2024-09-08 12:00:00+00:00,-1.1613118571028802,long
2024-09-09 12:00:00+00:00,1.9478897424178117,long
2024-09-11 20:00:00+00:00,1.9835839677799805,long
2024-09-15 16:00:00+00:00,-1.1685566175494912,long
2024-09-17 06:00:00+00:00,-1.079731410537979,long
2024-09-20 11:00:00+00:00,-1.087084133921259,long
2024-09-20 18:00:00+00:00,-1.1285020024505612,short
2024-09-20 20:00:00+00:00,-1.097107767041278,short
2024-09-22 16:00:00+00:00,1.94816410339447,short
2024-09-23 04:00:00+00:00,-1.1574526493497788,long
2024-09-25 06:00:00+00:00,-1.149288649879387,long
2024-09-27 04:00:00+00:00,-1.1714129265385371,short
2024-09-27 06:00:00+00:00,1.9657271597804102,long
2024-09-28 07:00:00+00:00,1.953235167066643,long
2024-10-01 04:00:00+00:00,-1.0540646868355024,long
2024-10-08 12:00:00+00:00,-1.096778488768324,long
2024-10-08 22:00:00+00:00,-1.121542485655053,long
2024-10-09 15:00:00+00:00,1.9556425003153775,short
2024-10-10 18:00:00+00:00,1.9617363583933085,long
2024-10-11 01:00:00+00:00,-1.1065114591445402,short
2024-10-18 12:00:00+00:00,1.9168663369350178,long
2024-10-18 19:00:00+00:00,-1.1337045052992052,long
2024-10-27 20:00:00+00:00,1.9438232511296194,long
2024-10-28 16:00:00+00:00,-1.178606038161396,long
2024-10-28 21:00:00+00:00,1.9707948659776486,long
2024-10-30 00:00:00+00:00,-1.0996406823228915,long
2024-11-05 13:00:00+00:00,1.942466097859905,long
2024-11-09 12:00:00+00:00,-1.1232072672246114,long
2024-11-13 13:00:00+00:00,-1.0199712404840404,short
2024-11-14 01:00:00+00:00,-1.0211491545862978,short
2024-11-17 23:00:00+00:00,1.9870629895647118,long
2024-11-18 21:00:00+00:00,1.9916279696968928,short
2024-11-20 16:00:00+00:00,-1.0841152649043857,long
2024-11-21 02:00:00+00:00,1.9856520673536322,long
2024-11-21 16:00:00+00:00,-1.0252790291355454,short
2024-11-25 14:00:00+00:00,1.9911363537094595,long
2024-11-27 08:00:00+00:00,-1.0686272111715918,short
2024-11-28 02:00:00+00:00,-1.0408995135181518,short
2024-12-04 12:00:00+00:00,-1.0393923478144276,long
2024-12-05 14:00:00+00:00,-1.0372215619777687,long
2024-12-10 21:00:00+00:00,1.9798344904901588,short
2024-12-11 17:00:00+00:00,-1.0451720308869155,long
2024-12-23 10:00:00+00:00,-1.0473079018400016,long
2024-12-24 03:00:00+00:00,-1.1437282661359884,short
2024-12-26 00:00:00+00:00,-1.0963512941900488,long
2024-12-27 04:00:00+00:00,-1.0834870156776002,long
2024-12-27 21:00:00+00:00,-1.0584336849119609,long
2024-12-31 00:00:00+00:00,1.9819897119509051,long
2025-01-01 05:00:00+00:00,-1.0881896042939798,short
2025-01-07 11:00:00+00:00,-1.1070471333324656,long
2025-01-09 04:00:00+00:00,1.9685312882444777,short
2025-01-09 07:00:00+00:00,-1.0577895518214568,long
2025-01-19 16:00:00+00:00,-1.0385771398789092,long
2025-01-20 06:00:00+00:00,-1.0517505245053538,short
2025-01-20 17:00:00+00:00,1.9914021138921765,long
2025-01-22 06:00:00+00:00,-1.08902671797468,short
2025-01-22 16:00:00+00:00,-1.0467101646787962,short
2025-01-24 13:00:00+00:00,-1.1238565892798076,long
2025-01-28 20:00:00+00:00,-1.0778533554679095,long
2025-01-30 07:00:00+00:00,-1.0910848365157926,long
2025-02-02 07:00:00+00:00,-1.0412688524165752,long
2025-02-04 20:00:00+00:00,-1.024885273409958,long
2025-02-12 13:00:00+00:00,1.9797910783163541,short
2025-02-12 17:00:00+00:00,-1.0761649861979585,short
2025-02-13 06:00:00+00:00,1.9936549034217166,long
2025-02-16 01:00:00+00:00,1.9699147243529844,short
2025-02-16 09:00:00+00:00,-1.072241533487365,long
2025-02-16 23:00:00+00:00,-1.0702751803320347,long
2025-02-20 02:00:00+00:00,-1.07487027527888,long
2025-02-21 09:00:00+00:00,1.9510676310477706,short
2025-02-22 02:00:00+00:00,-1.0358959635093463,long
2025-02-26 12:00:00+00:00,-1.0373457008924505,long
2025-02-27 18:00:00+00:00,1.982264067867293,short
2025-03-05 13:00:00+00:00,-1.096177751294311,long
2025-03-05 20:00:00+00:00,1.9894620569428405,long
2025-03-06 22:00:00+00:00,-1.0498583491463465,long
2025-03-07 12:00:00+00:00,1.9687011509473658,long
2025-03-11 12:00:00+00:00,-1.0515843863467202,long
2025-03-14 01:00:00+00:00,-1.0420069183257001,short
2025-03-17 06:00:00+00:00,1.9750662688020353,long
2025-03-24 23:00:00+00:00,-1.1070326482040505,long
2025-03-25 09:00:00+00:00,-1.109122737992023,short
2025-03-26 07:00:00+00:00,-1.1564395133328325,long
2025-04-01 21:00:00+00:00,1.9833617554970329,short
2025-04-02 13:00:00+00:00,1.9627538842626746,short
2025-04-04 11:00:00+00:00,1.9774626605086265,long
2025-04-05 04:00:00+00:00,-1.1104774135982847,short
2025-04-08 15:00:00+00:00,-1.0539488690809748,long
2025-04-10 09:00:00+00:00,-1.091368096107667,short
2025-04-11 23:00:00+00:00,1.9804035204786012,long
2025-04-14 00:00:00+00:00,-1.0765826505527138,short
2025-04-17 14:00:00+00:00,-1.1204768460937884,long
2025-04-18 07:00:00+00:00,1.9627497639330342,long
2025-04-19 16:00:00+00:00,1.9253231389876104,long
2025-04-27 12:00:00+00:00,1.9457075982684535,long
2025-05-01 20:00:00+00:00,-1.1220396631403902,long
2025-05-02 13:00:00+00:00,1.9364822658972756,long
2025-05-02 14:00:00+00:00,1.9635135410951376,short
2025-05-03 02:00:00+00:00,1.9677427147233628,short
2025-05-04 08:00:00+00:00,-1.1586377248765938,long
2025-05-05 09:00:00+00:00,1.961676154613011,short
2025-05-07 05:00:00+00:00,-1.1003033251064542,long
2025-05-11 19:00:00+00:00,1.9829718798197153,long
2025-05-19 00:00:00+00:00,-1.058719332574168,long
2025-05-19 19:00:00+00:00,-1.0633627498265197,short
2025-05-23 06:00:00+00:00,-1.1453453169259398,long
2025-05-26 14:00:00+00:00,-1.1432811731246832,long
2025-05-27 11:00:00+00:00,1.9682778443113775,long
2025-06-02 04:00:00+00:00,1.9600686704727548,short
2025-06-02 11:00:00+00:00,1.9604635822482714,long
2025-06-10 11:00:00+00:00,1.9521423856648386,short
2025-06-13 20:00:00+00:00,-1.0965563787569539,short
2025-06-15 13:00:00+00:00,1.9432192350244966,short
2025-06-15 22:00:00+00:00,-1.2299101701144703,short
2025-06-16 01:00:00+00:00,1.9736067497934227,long
2025-06-19 22:00:00+00:00,1.9482865153783933,short
2025-06-20 21:00:00+00:00,-1.0529938007744222,long
2025-06-23 15:00:00+00:00,-1.0942214200897669,long
2025-06-25 12:00:00+00:00,1.9591337378798221,long
2025-06-26 05:00:00+00:00,-1.2350335695386996,long
2025-06-26 09:00:00+00:00,1.958201416169132,short
2025-06-29 08:00:00+00:00,-1.189140047156754,short
2025-07-01 13:00:00+00:00,-1.1406897537842438,long
2025-07-02 02:00:00+00:00,-1.1131552898437373,short
2025-07-05 23:00:00+00:00,-1.1959929085796972,short
2025-07-07 02:00:00+00:00,-1.1157120055314942,short
2025-07-07 20:00:00+00:00,-1.1863340986420359,long
2025-07-08 02:00:00+00:00,-1.103027528184987,short
2025-07-15 00:00:00+00:00,-1.0507942095463554,long
2025-07-16 01:00:00+00:00,1.9867292138420112,long
2025-07-19 06:00:00+00:00,-1.068334637185718,long
2025-07-21 04:00:00+00:00,-1.0937188040402737,short
2025-07-22 19:00:00+00:00,-1.0555022035843726,long
2025-07-27 08:00:00+00:00,-1.169046275147818,long
2025-07-27 13:00:00+00:00,-1.1058395307393898,short
2025-07-30 19:00:00+00:00,-1.0470756158573802,short
2025-07-31 13:00:00+00:00,-1.0863549540000494,long
2025-08-07 16:00:00+00:00,1.9498196390382452,long
2025-08-09 11:00:00+00:00,-1.1698636017800081,long
2025-08-11 12:00:00+00:00,-1.03398474520983,short
2025-08-13 14:00:00+00:00,1.9766854408081835,long
2025-08-17 16:00:00+00:00,-1.2386676244685983,long
2025-08-18 17:00:00+00:00,1.9507975727831819,short
2025-08-21 07:00:00+00:00,-1.054241636182164,long
2025-08-23 07:00:00+00:00,1.9563217523120187,short
2025-08-23 14:00:00+00:00,1.9647122034673743,long
2025-08-24 15:00:00+00:00,1.9537769394779323,long
2025-08-27 18:00:00+00:00,-1.0987599519424687,long
2025-08-28 00:00:00+00:00,1.9850952448139436,short
2025-09-02 02:00:00+00:00,1.9876433145084749,long
2025-09-09 14:00:00+00:00,1.9648549063493932,long
2025-09-11 13:00:00+00:00,-1.1322986894348384,short
2025-09-14 18:00:00+00:00,-1.0806173056116055,long
2025-09-17 07:00:00+00:00,1.9270506309395854,short
2025-09-18 07:00:00+00:00,-1.155136464951572,short
2025-09-24 23:00:00+00:00,1.9824479007691422,short
2025-09-27 09:00:00+00:00,1.9868225306761813,long
2025-09-29 12:00:00+00:00,-1.076214650937291,short
2025-09-30 01:00:00+00:00,1.9675508320245836,short
2025-10-01 18:00:00+00:00,-1.112192402457616,short
2025-10-05 18:00:00+00:00,-1.1603479550074967,long
2025-10-06 06:00:00+00:00,-1.1342252815603961,short
2025-10-06 20:00:00+00:00,-1.0838373917997721,long
2025-10-08 15:00:00+00:00,-1.2254881784292355,short
2025-10-09 23:00:00+00:00,-1.112622982262486,long
2025-10-15 14:00:00+00:00,-1.0674675711205077,long
2025-10-16 14:00:00+00:00,-1.0893374106330154,long
2025-10-18 17:00:00+00:00,-1.1099122415368439,short
2025-10-21 01:00:00+00:00,-1.0626998928196958,long
2025-10-22 15:00:00+00:00,-1.1556925387406725,long
2025-10-27 11:00:00+00:00,-1.1068454948042081,short
2025-10-27 20:00:00+00:00,-1.0753104202226371,long
2025-10-28 14:00:00+00:00,-1.0753104202226371,long
2025-10-29 15:00:00+00:00,1.9538379370844075,long
2025-11-02 21:00:00+00:00,1.9832074314183912,short
2025-11-08 02:00:00+00:00,1.9830645553651485,short
2025-11-09 10:00:00+00:00,1.9751987625637657,long
2025-11-13 03:00:00+00:00,1.9774608775454252,long
2025-11-15 08:00:00+00:00,-1.0570995723792627,long
2025-11-16 08:00:00+00:00,-1.1437878091562648,long
2025-11-17 13:00:00+00:00,1.9738447021355574,long
2025-11-18 22:00:00+00:00,1.9672414627235875,short
2025-11-19 04:00:00+00:00,-1.0612520105249745,long
2025-11-24 01:00:00+00:00,-1.0801118387593867,short
2025-11-26 23:00:00+00:00,-1.0787860289157587,short
2025-11-28 16:00:00+00:00,-1.0855321427703801,long
2025-11-29 11:00:00+00:00,1.9898529411764705,short
2025-12-03 14:00:00+00:00,1.9699351044154605,short
2025-12-07 12:00:00+00:00,1.976062563349595,short
2025-12-07 22:00:00+00:00,1.9858784543091834,long
2025-12-08 15:00:00+00:00,-1.1572784579564763,long
2025-12-08 20:00:00+00:00,1.9554002121802962,short
2025-12-10 04:00:00+00:00,1.9731622320098452,short
2025-12-10 20:00:00+00:00,1.9731622320098452,short
2025-12-14 04:00:00+00:00,-1.2912768970561541,long
2025-12-16 07:00:00+00:00,1.9693278566474983,long
2025-12-18 13:00:00+00:00,1.9913605675196553,short
2025-12-19 15:00:00+00:00,-1.0543105629758522,short
2025-12-21 07:00:00+00:00,-1.1342625084988012,short
2025-12-22 00:00:00+00:00,1.9689320678120232,short
2025-12-25 16:00:00+00:00,-1.1028421458770232,long
2025-12-26 07:00:00+00:00,-1.1308408333843616,long
2025-12-26 21:00:00+00:00,1.9601872828452185,long
2025-12-28 10:00:00+00:00,1.9286825414745234,short
2025-12-28 23:00:00+00:00,1.9633807970673933,long
2025-12-29 09:00:00+00:00,-1.1699953961854623,long
2025-12-30 15:00:00+00:00,-1.2217051558248933,long
2026-01-01 17:00:00+00:00,-1.30202734767771,short
2026-01-08 21:00:00+00:00,1.9799297178575852,short
2026-01-09 08:00:00+00:00,-1.0676444296469885,long
2026-01-12 21:00:00+00:00,1.9587900918298717,long
2026-01-16 07:00:00+00:00,1.9454090334439742,short
2026-01-21 23:00:00+00:00,-1.025009778056897,long
2026-01-27 16:00:00+00:00,1.9512961440966936,short
2026-01-28 05:00:00+00:00,-1.1377827643002334,short
2026-02-03 02:00:00+00:00,-1.0760690799122483,long
2026-02-03 19:00:00+00:00,-1.040393880604909,short
2026-02-08 00:00:00+00:00,-1.1026937554646108,short
2026-02-08 20:00:00+00:00,-1.0416564347398944,long
2026-02-09 15:00:00+00:00,-1.1036528205442797,short
2026-02-10 01:00:00+00:00,1.9705110378436415,short
2026-02-11 22:00:00+00:00,1.9847444190037984,long
2026-02-17 21:00:00+00:00,-1.067032530316586,long
2026-02-18 15:00:00+00:00,1.9521328457640963,short
2026-02-23 14:00:00+00:00,-1.1260744457819465,long
2026-02-28 03:00:00+00:00,-1.1547799319468812,long
2026-03-01 14:00:00+00:00,1.986516060781329,short
2026-03-03 18:00:00+00:00,1.9845991707936108,long
2026-03-04 13:00:00+00:00,-1.054672351605499,short
2026-03-08 20:00:00+00:00,1.963484007794035,short
2026-03-09 00:00:00+00:00,-1.0854454102445092,short
2026-03-09 18:00:00+00:00,1.9648633796542203,long
2026-03-09 22:00:00+00:00,1.9668353751337404,long
2026-03-11 19:00:00+00:00,-1.0684347439260171,long
2026-03-12 09:00:00+00:00,1.9284687225049597,short
2026-03-12 14:00:00+00:00,1.9284687225049597,short
2026-03-15 17:00:00+00:00,-1.143556113767715,short
2026-03-18 00:00:00+00:00,-1.0730241095720578,long
2026-03-20 13:00:00+00:00,-1.1688984606414323,long
2026-03-21 09:00:00+00:00,-1.1353052833347574,long
2026-03-30 18:00:00+00:00,-1.042427323512347,long
2026-04-03 21:00:00+00:00,1.9487123566031073,short
2026-04-05 22:00:00+00:00,-1.1427627785213372,short
2026-04-10 14:00:00+00:00,-1.227155802721032,short
2026-04-11 13:00:00+00:00,1.9248117818019228,long
2026-04-13 00:00:00+00:00,-1.1354435947197103,short
2026-04-18 22:00:00+00:00,-1.1303405409941054,long
2026-04-19 15:00:00+00:00,-1.1134004099548103,long
2026-04-20 07:00:00+00:00,-1.0939440169909185,short
2026-04-21 12:00:00+00:00,1.9191554287651087,long
2026-04-21 15:00:00+00:00,-1.2943199110995138,long
2026-04-23 07:00:00+00:00,-1.1410240503280278,long
2026-04-23 15:00:00+00:00,1.923646677341874,short
2026-05-03 11:00:00+00:00,-1.167326091997837,short
2026-05-04 00:00:00+00:00,1.9005709969932716,long
2026-05-04 01:00:00+00:00,1.9005709969932716,long
2026-05-04 10:00:00+00:00,1.971304233068907,long
2026-05-07 06:00:00+00:00,1.9561159857682349,short
2026-05-07 13:00:00+00:00,1.9445608518550155,short
2026-05-10 00:00:00+00:00,1.9181128630705366,long
2026-05-13 01:00:00+00:00,-1.154963508031461,short
2026-05-14 02:00:00+00:00,1.95474125451591,long
2026-05-15 05:00:00+00:00,-1.080039697383034,long
2026-05-17 09:00:00+00:00,-1.1342200251982326,long
2026-05-20 17:00:00+00:00,-1.0907348475499126,long
2026-05-25 01:00:00+00:00,-1.0941713620192073,long
2026-05-29 11:00:00+00:00,-1.1501366608513863,long
2026-06-03 14:00:00+00:00,-1.0385904141193796,long
2026-06-07 00:00:00+00:00,-1.0941088053167083,short
2026-06-09 12:00:00+00:00,1.976572305775502,short
2026-06-09 21:00:00+00:00,-1.077700558581821,long
2026-06-12 14:00:00+00:00,-1.0960367070710837,short
2026-06-13 06:00:00+00:00,-1.182540758980554,short
2026-06-20 14:00:00+00:00,1.94622671935641,long
2026-06-20 19:00:00+00:00,-1.103464704326585,short
2026-06-22 15:00:00+00:00,-1.1955823791337288,long
2026-06-26 06:00:00+00:00,-1.0942399733250254,short
2026-06-26 14:00:00+00:00,-1.1240540553587246,short
2026-06-28 19:00:00+00:00,-1.123243475746401,short
2026-06-29 13:00:00+00:00,-1.1167026833403237,long
2026-07-01 06:00:00+00:00,-1.172011378718278,long
2026-07-06 07:00:00+00:00,-1.06260421917102,short
2026-07-09 12:00:00+00:00,-1.1908204166263654,short
2026-07-12 09:00:00+00:00,-1.2443283128446088,short
2026-07-18 09:00:00+00:00,1.9559743239700758,long
2026-07-20 13:00:00+00:00,1.946408341472943,long
2026-07-22 12:00:00+00:00,1.9417115618764997,long
2026-07-27 05:00:00+00:00,1.9510380196657264,short
2026-07-29 19:00:00+00:00,-1.1536910010280759,long
2026-08-03 14:00:00+00:00,1.9346232253757596,short
2026-08-08 19:00:00+00:00,-1.2836215565995082,long
2026-08-11 23:00:00+00:00,-1.0948111179036748,long
2026-08-14 05:00:00+00:00,1.9139842705763235,short
2026-08-17 10:00:00+00:00,-1.1581106373681984,short
2026-08-17 20:00:00+00:00,-1.1582856752038064,short
2026-08-24 13:00:00+00:00,1.9832325838690628,long
2026-08-25 07:00:00+00:00,-1.059418400251334,long
2026-08-28 09:00:00+00:00,-1.1192281399368258,long
2026-08-29 00:00:00+00:00,-1.0282449749952964,short
2026-09-06 08:00:00+00:00,1.9730759989754096,short
2026-09-08 02:00:00+00:00,-1.0945651579906994,long
2026-09-08 12:00:00+00:00,1.9548462831801248,long
2026-09-18 02:00:00+00:00,1.9592666372920013,long
2026-09-21 01:00:00+00:00,1.972827881010101,long
